z,y,x
3968,1753.069,1704.44
3984,1754.365,1703.781
4000,1755.661,1703.121
4016,1756.957,1702.462
4032,1758.253,1701.803
4048,1759.549,1701.143
4064,1760.845,1700.484
4080,1762.141,1699.825
4096,1763.437,1699.166
4112,1764.733,1698.506
4128,1766.029,1697.847
4144,1767.325,1697.188
4160,1768.621,1696.528
4176,1769.917,1695.869
4192,1771.213,1695.21
4208,1772.509,1694.551
4224,1773.805,1693.891
4240,1775.771,1693.068
4256,1777.737,1692.245
4272,1779.703,1691.422
4288,1781.669,1690.599
4304,1783.635,1689.775
4320,1785.601,1688.952
4336,1787.567,1688.129
4352,1789.533,1687.306
4368,1791.499,1686.483
4384,1793.465,1685.659
4400,1795.431,1684.836
4416,1797.397,1684.013
4432,1799.363,1683.19
4448,1801.329,1682.367
4464,1803.295,1681.543
4480,1805.261,1680.72
4496,1805.963,1680.486
4512,1806.664,1680.252
4528,1807.366,1680.017
4544,1808.067,1679.783
4560,1808.769,1679.549
4576,1809.471,1679.314
4592,1810.172,1679.08
4608,1810.874,1678.846
4624,1811.576,1678.611
4640,1812.277,1678.377
4656,1812.979,1678.143
4672,1813.68,1677.909
4688,1814.382,1677.674
4704,1815.084,1677.44
4720,1815.785,1677.206
4736,1816.487,1676.971
4752,1816.395,1677.745
4768,1816.304,1678.519
4784,1816.212,1679.293
4800,1816.121,1680.067
4816,1816.03,1680.841
4832,1815.938,1681.614
4848,1815.847,1682.388
4864,1815.755,1683.162
4880,1815.664,1683.936
4896,1815.572,1684.71
4912,1815.481,1685.484
4928,1815.39,1686.257
4944,1815.298,1687.031
4960,1815.207,1687.805
4976,1815.115,1688.579
4992,1815.024,1689.353
