id,label,n,w,h,offset,xmin,xmax,ymin,ymax,zmin,zmax,cx,cy,cz,regions
48,good,7561,107,107,218051,2371.89,2616.12,1349.05,1678.34,4281.64,4684.56,2494.48,1511.93,4482.22,B_cut
72,good,4109,79,79,312906,2498.99,2630.87,1530.58,1798.21,4247.95,4538.59,2575.21,1656.56,4393.93,B_cut
90,good,10837,127,127,399713,2400.41,2644.00,1437.11,1840.08,4496.58,4982.23,2557.25,1621.37,4740.58,B_cut
150,good,4761,85,85,591623,2490.93,2616.98,1520.42,1807.90,4109.42,4399.62,2566.04,1662.37,4255.18,B_cut
162,good,6467,99,99,644059,2545.90,2622.46,1619.99,1977.59,4142.91,4510.66,2593.12,1795.96,4328.91,B_cut
234,good,4849,85,84,821063,2537.75,2643.13,1677.85,1963.86,4510.43,4833.23,2614.42,1826.41,4673.80,B_cut
238,good,2281,59,59,830021,2586.64,2638.10,1618.00,1822.80,4402.90,4612.25,2615.02,1717.25,4508.27,B_cut
286,good,2199,57,57,941757,2555.76,2609.00,1726.54,1937.45,4055.65,4269.45,2589.90,1834.37,4162.77,B_cut
293,good,10665,127,127,958639,2234.00,2545.71,1307.56,1684.59,4446.51,4940.09,2418.66,1476.73,4692.47,B_cut
302,good,10837,127,127,990801,2393.92,2575.73,1466.44,1909.78,4481.07,4974.17,2521.74,1668.47,4726.95,B_cut
346,good,10837,127,127,1117159,2269.00,2525.01,1287.63,1706.93,4137.21,4632.62,2427.58,1476.20,4384.71,B_cut
407,good,2172,57,57,1268831,2493.44,2607.96,1839.75,2023.79,4054.76,4256.95,2558.97,1935.63,4155.26,B_cut
416,good,958,41,42,1285335,2490.59,2582.93,1914.53,2015.59,4156.73,4317.83,2546.81,1964.78,4232.98,B_cut
494,good,1505,47,47,1459489,2561.72,2623.00,1772.44,1948.00,4400.35,4572.52,2594.50,1859.88,4486.08,B_cut
672,bad,1836,53,53,175728219,2346.06,2483.05,2026.00,2161.64,4070.60,4246.49,2418.00,2096.56,4159.47,B_cut
761,bad,2052,55,55,175777127,2494.11,2615.06,1844.29,2029.69,4387.50,4587.32,2558.06,1936.32,4487.12,B_cut
815,good,3409,71,71,2107852,2487.65,2577.57,1745.36,1994.09,4513.57,4788.76,2553.74,1881.14,4652.10,B_cut
835,good,6209,97,97,2152411,2451.29,2660.00,1409.97,1705.60,4308.23,4647.70,2556.18,1552.66,4475.99,B_cut
955,good,10837,127,127,2479383,2341.35,2670.44,1331.23,1686.95,4490.80,4926.55,2517.04,1502.24,4716.89,B_cut
962,good,8815,115,119,2493931,2439.23,2561.83,1540.02,1950.48,3968.45,4369.10,2521.16,1741.88,4160.84,B_cut
1009,good,1908,53,53,2598105,2360.33,2502.99,2023.28,2177.76,4155.19,4336.38,2427.97,2106.28,4246.50,B_cut
1107,good,3117,69,85,2809993,2489.00,2559.00,1748.27,1972.60,4123.33,4447.74,2526.00,1851.05,4297.66,B_cut
1120,good,3035,67,67,2837636,2407.21,2567.01,1959.07,2149.99,4196.05,4424.29,2488.88,2054.23,4308.59,B_cut
1144,bad,6400,98,99,175931004,2476.99,2558.76,1589.90,1942.67,4200.58,4545.21,2512.56,1767.05,4373.40,B_cut
1158,good,1837,53,53,2927394,2503.00,2563.00,1798.83,1981.05,4409.07,4593.47,2541.09,1890.98,4502.54,B_cut
1574,good,4989,87,87,3755143,2554.00,2678.08,1463.78,1759.90,4043.26,4330.95,2633.34,1612.66,4188.24,B_cut
1665,good,9049,117,117,3929336,2112.53,2497.50,2012.00,2258.70,4123.34,4550.04,2301.93,2126.72,4330.71,B_cut
1717,bad,2003,62,58,176168814,2460.20,2612.00,1857.55,2049.84,4578.99,4784.00,2561.01,1954.78,4695.12,B_cut
1752,good,7281,105,105,4136059,2604.66,2680.00,1566.90,1951.42,3946.21,4324.55,2653.54,1755.79,4138.90,B_cut
1836,good,4213,79,79,4291115,2598.00,2680.00,1716.15,2012.32,4145.27,4422.60,2636.60,1864.13,4284.09,B_cut
1849,good,2853,65,65,4313088,2395.68,2564.21,1884.22,2056.80,4499.96,4723.84,2495.11,1982.14,4612.23,B_cut
1851,good,9681,121,121,4315941,2420.97,2676.48,1738.88,2134.84,3831.41,4237.54,2561.64,1946.97,4027.62,B_cut
1954,bad,8719,115,115,176286484,2203.00,2532.51,1969.00,2302.62,4465.33,4835.00,2379.86,2122.49,4657.34,B_cut
2279,bad,5868,92,97,176431999,2270.73,2552.99,1960.59,2209.60,4237.30,4578.41,2424.83,2102.59,4402.65,B_cut
2350,good,4006,81,81,5309740,2303.79,2532.41,2009.37,2266.85,4574.73,4844.12,2415.79,2145.25,4720.41,B_cut
3566,good,4004,77,77,7855469,2544.75,2659.00,1872.06,2133.45,4164.00,4423.94,2603.47,2003.62,4293.42,B_cut
3813,bad,9582,121,116,177102491,2211.00,2552.09,2032.12,2371.27,4354.71,4741.00,2370.73,2189.81,4555.70,B_cut
3841,good,7421,105,105,8343048,2374.44,2677.11,1894.96,2150.51,4346.43,4729.26,2545.44,2040.57,4539.39,B_cut
3885,good,1834,53,53,8436012,2470.33,2602.65,2044.17,2185.99,4177.29,4358.16,2545.05,2120.81,4266.62,B_cut
3945,good,4537,83,83,8596505,2234.01,2439.47,1894.00,2134.76,4202.35,4497.29,2347.11,2027.32,4349.42,B_cut
4146,good,4758,85,85,8951125,2261.91,2473.99,1899.35,2154.96,4340.35,4635.83,2367.27,2026.43,4491.98,B_cut
4169,good,1633,49,49,8982440,2367.91,2462.02,1818.76,1979.86,4211.88,4383.92,2417.49,1900.74,4293.65,B_cut
4173,good,1909,53,53,8984073,2627.43,2696.15,1809.33,1988.62,4454.70,4640.10,2665.05,1901.42,4549.45,B_cut
4181,good,4537,83,83,9005589,2597.28,2697.34,1733.17,2024.00,4322.61,4601.96,2650.30,1881.42,4464.18,B_cut
4297,good,4003,77,77,9198976,2335.99,2483.00,1717.56,1983.34,4088.01,4335.06,2416.71,1855.10,4208.20,B_cut
4337,good,2053,55,55,9272453,2409.06,2483.85,1620.77,1813.00,4083.94,4265.11,2448.76,1720.97,4174.58,B_cut
4593,good,5105,87,87,9707744,2638.00,2696.53,1655.19,1955.58,4425.63,4727.00,2670.56,1804.65,4576.63,B_cut
4723,good,6078,95,95,9866895,2300.22,2524.94,1803.68,2100.12,4435.58,4773.62,2435.63,1966.08,4602.88,B_cut
4920,good,4005,77,77,10231719,2366.48,2513.32,1756.23,2029.00,4302.53,4578.19,2443.70,1901.57,4442.43,B_cut
4933,good,1980,55,55,10237705,2429.58,2486.00,1682.23,1873.01,4209.99,4394.52,2460.12,1778.73,4300.68,B_cut
5065,good,5827,93,93,10452992,2415.99,2523.01,1580.74,1941.05,4260.36,4604.58,2474.55,1762.14,4433.38,B_cut
5069,good,3218,69,69,10472177,2409.75,2520.29,1502.41,1741.11,4361.52,4628.27,2477.44,1611.06,4494.89,B_cut
5314,bad,7098,103,103,177682540,2293.26,2601.99,2023.33,2269.03,4067.94,4425.86,2460.77,2159.77,4249.26,B_cut
5527,good,1633,49,49,11182375,2416.75,2485.73,1526.28,1691.27,4278.87,4454.63,2460.62,1602.71,4368.68,B_cut
5548,bad,8413,113,113,177738936,2243.80,2553.00,1991.09,2260.00,3891.10,4252.05,2411.93,2148.24,4068.54,B_cut
5551,good,2129,57,57,11236316,2473.67,2528.00,1689.13,1895.97,4483.00,4694.29,2512.94,1798.86,4585.09,B_cut
5613,good,7849,109,109,11324070,2468.71,2686.88,1331.00,1680.26,3951.34,4333.25,2602.38,1495.87,4146.85,B_cut
5718,good,5221,89,89,11528273,2631.23,2704.00,1566.97,1878.18,3932.41,4245.00,2677.37,1722.85,4091.52,B_cut
5791,good,10837,127,127,11704752,2406.87,2528.00,1569.37,2042.20,4449.74,4927.02,2493.37,1807.31,4685.62,B_cut
5869,good,10837,127,127,11877220,2311.86,2528.00,1398.68,1804.54,4449.42,4911.59,2456.23,1588.64,4680.36,B_cut
6007,good,3901,77,77,12088037,2570.00,2695.46,1545.78,1788.14,4459.80,4734.32,2640.16,1664.63,4597.90,B_cut
6019,good,1569,49,49,12111623,2621.10,2677.95,1664.85,1843.20,4314.68,4480.55,2641.68,1753.80,4400.83,B_cut
6200,good,7249,105,105,12484905,2272.24,2504.50,1349.00,1674.80,4267.34,4672.47,2407.92,1500.96,4470.69,B_cut
6252,good,2894,67,66,12580014,2372.07,2548.78,1921.10,2097.00,4360.79,4605.43,2474.32,2016.41,4484.60,B_cut
6377,good,9521,119,119,12838968,2509.00,2699.34,1642.75,2061.80,3819.60,4251.52,2627.05,1860.29,4032.66,B_cut
6685,bad,10501,125,125,178073763,2402.82,2684.86,1837.00,2239.54,3888.20,4338.73,2550.11,2049.53,4113.58,B_cut
6738,good,4005,77,77,13615705,2641.02,2703.76,1690.51,1983.99,4106.25,4396.83,2676.91,1838.49,4251.32,B_cut
6760,good,3218,69,69,13640407,2598.46,2685.86,1811.84,2064.81,4204.47,4466.54,2651.26,1940.43,4337.50,B_cut
6859,good,2003,71,46,13840176,2328.27,2491.76,1989.00,2096.00,4042.00,4291.10,2414.61,2041.03,4157.24,B_cut
7009,good,3409,71,71,14099701,2579.96,2706.10,1509.40,1764.41,4130.41,4368.00,2652.70,1636.67,4253.50,B_cut
7046,bad,7427,109,100,178248327,2297.00,2633.70,2020.00,2300.00,4299.74,4671.86,2473.68,2165.38,4483.89,B_cut
7086,good,5217,89,89,14242262,2331.97,2490.58,1759.32,2048.77,4512.70,4822.61,2430.51,1905.31,4668.83,B_cut
7146,good,3221,69,69,14339341,2537.00,2675.00,1915.12,2144.19,4300.66,4557.51,2613.52,2039.40,4429.24,B_cut
7189,good,4954,87,87,14427929,2484.36,2672.95,1412.42,1699.92,4210.35,4499.54,2591.45,1557.27,4349.30,B_cut
7253,good,3896,77,77,14543265,2377.82,2482.35,1463.61,1724.08,4043.12,4328.09,2442.72,1587.06,4184.33,B_cut
7386,good,2087,52,65,14790214,2481.28,2641.21,1969.99,2114.77,4516.99,4726.45,2561.18,2034.48,4619.35,B_cut
7443,good,10837,127,127,14921202,2327.13,2492.17,1484.82,1885.04,4582.57,5038.74,2444.73,1671.97,4810.67,B_cut
7467,good,9049,117,117,14969591,2493.00,2719.00,1437.18,1822.78,4285.01,4685.02,2619.29,1617.35,4483.96,B_cut
7471,good,10168,123,123,14984932,2194.99,2482.01,1323.00,1684.83,4453.68,4893.92,2357.47,1499.87,4672.01,B_cut
7575,bad,4873,85,85,178436893,2632.11,2727.00,1612.45,1909.94,4452.22,4740.85,2692.25,1751.21,4606.09,B_cut
7689,good,3409,71,71,15448918,2419.70,2490.00,1654.36,1901.09,4447.92,4702.16,2468.84,1781.26,4573.40,B_cut
7807,good,7849,109,109,15675988,2283.92,2490.57,1684.48,2031.51,4308.95,4704.28,2412.75,1868.49,4509.80,B_cut
7821,good,4213,79,79,15708442,2369.99,2459.14,1631.35,1909.37,4202.36,4475.12,2420.68,1771.81,4339.76,B_cut
7828,good,3308,71,71,15724015,2579.42,2707.40,1838.47,2071.07,4385.36,4637.61,2656.32,1961.76,4512.57,B_cut
7842,good,10837,127,127,15741181,2410.78,2713.97,1324.89,1724.18,4433.16,4892.20,2578.03,1515.81,4664.47,B_cut
7904,good,1062,46,44,15892367,2399.92,2555.97,1974.49,2060.57,4194.93,4362.26,2467.28,2020.04,4287.69,B_cut
8078,good,8285,111,111,16246194,2288.00,2445.41,1683.13,2058.08,4065.15,4454.10,2373.49,1871.98,4259.39,B_cut
8261,good,3800,75,75,16592103,2378.00,2448.64,1557.93,1820.51,4043.09,4306.28,2410.84,1687.05,4175.24,B_cut
8372,good,4005,77,77,16807258,2371.79,2467.05,1520.39,1772.92,4210.88,4488.32,2432.14,1635.84,4351.04,B_cut
8759,good,10169,123,123,17552482,2462.13,2782.19,1342.96,1708.38,4512.25,4931.00,2641.20,1534.24,4722.08,B_cut
8815,good,9360,119,119,17662274,2442.01,2712.99,1310.90,1688.85,4289.52,4676.99,2583.45,1502.17,4474.23,B_cut
8830,good,1873,53,53,17694900,2708.67,2792.90,1626.72,1801.38,4575.20,4767.45,2761.06,1707.71,4671.75,B_cut
8866,good,2441,61,61,17756847,2615.83,2739.06,1584.05,1786.98,4297.77,4499.75,2670.58,1684.23,4395.84,B_cut
9464,good,10837,127,127,18871438,2312.00,2492.02,1433.00,1849.80,4295.97,4749.62,2430.80,1634.11,4523.20,B_cut
9573,good,2053,55,55,19069910,2663.15,2715.52,1704.60,1915.11,4357.91,4564.81,2692.35,1809.79,4461.60,B_cut
9692,good,10837,127,127,19243681,2159.00,2444.38,1796.70,2168.85,4179.44,4623.51,2312.58,1994.85,4397.53,B_cut
10594,good,2852,64,65,20575936,2577.00,2734.23,1859.00,2057.58,4559.27,4770.92,2670.84,1966.28,4669.24,B_cut
10953,bad,1515,47,48,179482935,2659.02,2757.92,1668.38,1841.63,4259.30,4411.35,2702.08,1754.07,4329.60,B_cut
11336,good,2949,67,67,21572307,2343.97,2446.95,1446.92,1671.07,4071.18,4314.82,2395.73,1561.24,4192.40,B_cut
11406,good,2772,65,65,21677234,2636.00,2762.00,1554.00,1801.63,4188.86,4402.36,2697.18,1679.68,4296.81,B_cut
11892,good,4429,81,81,22295830,2625.54,2759.00,1474.03,1741.48,4085.61,4336.24,2695.80,1604.59,4221.68,B_cut
11949,good,4975,86,87,22359043,2615.77,2749.99,1411.89,1713.78,3954.89,4241.40,2685.51,1565.94,4097.93,B_cut
12742,good,1769,51,51,23610668,2667.01,2778.27,1604.97,1755.87,4482.35,4667.25,2732.29,1674.49,4573.95,B_cut
14085,good,1766,51,51,25648414,2522.00,2664.00,1980.02,2122.85,4557.00,4714.00,2592.99,2055.91,4633.71,B_cut
15018,good,2400,60,60,27130170,2664.00,2779.00,1762.31,1965.82,4533.22,4750.00,2730.71,1870.30,4642.15,B_cut
15074,good,4109,79,79,27224459,2517.25,2729.87,1943.55,2178.68,4432.74,4688.83,2627.85,2058.27,4559.82,B_cut
15244,good,3135,69,69,27526875,2626.98,2767.01,1855.23,2092.62,4359.78,4600.65,2694.02,1974.95,4484.74,B_cut
15283,good,2111,57,57,27601660,2689.20,2785.23,1744.20,1957.75,4391.13,4584.48,2746.23,1848.35,4487.64,B_cut
15640,good,2371,62,59,28273649,2435.00,2613.52,2035.88,2214.30,4525.04,4699.76,2531.53,2132.47,4608.27,B_cut
16324,good,2689,63,63,29500162,2506.00,2660.42,2034.93,2219.38,4327.57,4549.95,2587.90,2131.78,4443.20,B_cut
16428,good,2441,61,61,29723580,2538.43,2660.51,1996.14,2185.14,4228.31,4448.08,2606.85,2096.84,4338.06,B_cut
16793,good,2441,61,61,30298037,2606.88,2715.87,1893.03,2112.65,4206.69,4432.83,2657.17,2006.63,4321.49,B_cut
17041,bad,3746,75,75,181326303,2520.02,2704.00,1970.96,2196.83,4115.64,4374.61,2613.29,2085.34,4233.49,B_cut
17494,good,2521,61,61,31271251,2611.52,2742.81,1873.46,2085.77,4108.73,4315.10,2680.18,1974.77,4206.18,B_cut
17775,good,10837,127,127,31637974,2171.00,2434.34,1342.63,1723.89,4507.39,4963.96,2325.83,1519.83,4737.18,B_cut
18101,good,9838,121,121,31977143,2332.59,2436.75,1505.32,1921.79,4396.96,4833.43,2400.33,1710.03,4616.94,B_cut
18303,good,1022,43,46,32226953,2688.41,2766.99,1771.54,1899.10,4329.53,4487.51,2717.70,1832.01,4415.24,B_cut
18774,bad,5181,89,89,181730735,2720.18,2821.31,1580.13,1891.43,4598.53,4923.93,2789.55,1726.86,4766.18,B_cut
20067,good,1220,55,42,34376610,2500.33,2628.17,2030.18,2216.27,4119.14,4236.73,2568.25,2126.06,4166.42,B_cut
20079,good,1356,47,47,34385336,2697.77,2780.00,1875.39,2043.92,4574.56,4704.93,2731.84,1953.47,4645.95,B_cut
20102,good,3879,79,76,34411562,2632.31,2813.07,1559.48,1777.51,4473.19,4770.51,2746.12,1654.00,4625.50,B_cut
20266,good,1826,53,53,34603540,2671.33,2772.81,1785.28,1970.39,4105.41,4286.01,2725.22,1877.04,4195.06,B_cut
20313,bad,2107,57,57,182108627,2697.14,2790.00,1813.39,2016.06,4490.83,4677.00,2748.67,1915.22,4589.82,B_cut
21550,good,8808,115,115,36400053,2494.96,2797.09,1393.37,1707.53,4431.68,4811.92,2653.75,1550.52,4621.14,B_cut
21596,good,2004,55,53,36458288,2581.85,2698.00,1499.09,1675.97,4365.02,4525.65,2643.45,1578.53,4435.24,B_cut
21622,bad,5927,95,95,182401178,2503.00,2749.44,1333.68,1666.89,4261.31,4543.11,2632.56,1497.45,4398.08,B_cut
21714,bad,1896,53,53,182427769,2653.70,2792.59,1591.00,1758.92,4400.18,4566.85,2726.08,1675.42,4478.71,B_cut
21796,good,6601,99,99,36712967,2679.00,2865.56,1471.55,1786.71,4553.10,4899.50,2781.22,1623.52,4725.58,B_cut
21831,bad,2394,61,61,182445286,2636.35,2783.71,1529.54,1749.01,4260.40,4430.59,2722.02,1636.76,4348.63,B_cut
22128,good,2605,63,63,37152691,2709.53,2789.08,1604.57,1832.40,4178.39,4377.50,2766.41,1717.90,4287.65,B_cut
22376,good,2200,57,57,37466526,2722.51,2784.00,1662.61,1854.99,4466.88,4676.84,2764.15,1752.10,4569.20,B_cut
22600,bad,7138,103,103,182595447,2727.04,2789.00,1562.18,1938.88,3999.35,4353.76,2765.11,1750.29,4187.62,B_cut
22733,good,1824,52,52,37960208,2675.99,2785.00,1659.95,1824.02,4407.55,4569.03,2743.68,1735.80,4488.18,B_cut
22790,good,7141,103,103,38041163,2663.22,2780.14,1431.12,1829.57,3856.01,4234.54,2743.34,1629.80,4038.13,B_cut
22962,good,10837,127,127,38265449,2501.44,2820.04,1297.94,1680.28,4401.46,4853.49,2668.50,1497.09,4623.54,B_cut
23213,good,4201,79,79,38520627,2713.97,2798.12,1711.81,2010.87,4399.93,4660.98,2766.70,1859.09,4520.86,B_cut
23455,good,4422,81,81,38835398,2656.00,2841.11,1550.77,1800.24,4375.55,4652.91,2770.22,1672.78,4512.10,B_cut
23843,good,2361,59,59,39313806,2772.30,2840.01,1695.00,1903.97,4417.35,4609.12,2820.32,1798.46,4509.18,B_cut
23934,good,2399,63,63,39423262,2701.00,2790.79,1874.54,2099.62,4362.06,4581.50,2743.48,1984.88,4474.77,B_cut
24061,good,2441,61,61,39587977,2731.00,2835.00,1752.74,1972.45,4338.27,4527.06,2794.78,1865.18,4426.47,B_cut
24492,good,1626,48,49,40081607,2706.00,2780.09,1790.33,1972.20,4322.25,4477.86,2728.42,1882.93,4405.86,B_cut
24553,good,2773,65,65,40174858,2585.82,2729.99,2003.33,2183.84,4189.97,4417.41,2668.02,2103.28,4302.27,B_cut
24615,good,3998,77,77,40241140,2730.10,2835.00,1817.45,2092.00,4341.06,4594.18,2794.34,1953.44,4467.34,B_cut
24666,good,1894,52,53,40299702,2723.10,2820.74,1741.52,1925.84,4572.71,4751.25,2778.77,1833.25,4663.26,B_cut
24787,good,1296,45,50,40464674,2670.66,2737.49,1941.29,2104.18,4274.72,4449.60,2709.73,2036.66,4354.91,B_cut
24813,good,2441,61,61,40507527,2685.35,2808.93,1986.18,2184.93,4316.44,4530.56,2755.91,2087.38,4424.71,B_cut
25218,good,10165,123,123,41045001,2493.00,2783.00,1256.10,1675.82,4261.44,4625.01,2653.07,1471.84,4441.74,B_cut
25507,good,2041,55,55,41370894,2691.77,2813.20,1502.50,1709.49,4235.56,4393.72,2769.22,1605.83,4331.93,B_cut
25841,good,8286,111,111,41761123,2643.21,2813.01,1338.45,1728.97,4058.43,4419.31,2749.33,1532.82,4259.43,B_cut
26244,good,1844,53,53,42244487,2692.00,2770.99,1891.30,2079.95,4197.28,4376.53,2725.91,1986.72,4285.38,B_cut
26854,good,10837,127,127,43074075,2692.97,2817.68,1369.67,1826.22,3821.13,4300.82,2781.84,1593.70,4057.40,B_cut
27405,good,3390,71,71,43710314,2557.69,2746.23,2024.01,2219.55,4297.97,4559.47,2658.22,2122.99,4427.54,B_cut
28168,good,2521,61,61,44694776,2792.00,2824.66,1645.52,1878.11,4091.29,4314.48,2807.74,1761.80,4206.38,B_cut
28779,good,3221,69,69,45393283,2730.56,2824.01,1699.48,1958.79,4153.28,4381.00,2788.54,1829.71,4273.23,B_cut
29279,good,2281,59,59,46079413,2725.66,2824.87,1851.24,2052.12,4161.45,4344.42,2771.93,1952.53,4253.99,B_cut
29417,good,6469,99,99,46263707,2703.99,2883.47,1457.41,1801.30,4574.77,4951.02,2805.58,1622.97,4767.07,B_cut
29476,good,1769,51,51,46319572,2721.02,2810.02,1933.25,2126.13,4271.18,4437.90,2767.55,2029.60,4351.94,B_cut
29783,bad,6332,97,97,184328344,2632.27,2852.44,1370.34,1703.06,4204.04,4469.39,2752.88,1535.68,4357.48,B_cut
31344,good,1834,53,53,48544658,2725.66,2817.25,1905.62,2080.90,4067.40,4243.46,2776.21,2000.49,4161.27,B_cut
31596,good,3601,73,73,48826776,2722.00,2824.00,1800.32,2058.21,3984.24,4230.64,2780.25,1929.58,4107.34,B_cut
31740,good,10328,125,125,49044711,2542.36,2855.22,1338.55,1723.33,4395.64,4808.56,2712.23,1528.59,4576.96,B_cut
32103,good,2281,59,59,49559731,2605.51,2763.26,2036.19,2200.64,4101.65,4313.09,2682.50,2117.46,4214.01,B_cut
32358,good,5461,91,91,49964347,2548.53,2778.69,1993.22,2263.59,3957.80,4286.00,2668.67,2133.29,4114.63,B_cut
33416,good,3499,73,73,51351476,2770.01,2864.01,1484.96,1730.56,4079.49,4340.71,2831.03,1601.99,4208.17,B_cut
33491,good,1873,53,53,51422291,2687.99,2785.00,1857.00,2038.18,4126.11,4298.77,2742.94,1946.69,4212.81,B_cut
33986,good,3505,73,73,52050593,2704.99,2883.97,2007.06,2207.77,4488.17,4730.68,2805.42,2119.11,4611.35,B_cut
34071,good,1906,53,53,52153720,2759.89,2859.72,2028.50,2203.54,4400.44,4581.53,2817.47,2117.37,4491.35,B_cut
34161,good,2361,59,59,52277214,2812.00,2890.42,1907.73,2099.57,4505.33,4715.99,2852.65,2010.36,4614.13,B_cut
34259,good,1505,47,47,52393362,2737.00,2808.11,1842.46,2010.60,4264.11,4404.12,2760.77,1924.84,4336.55,B_cut
35771,bad,2128,56,57,185705228,2674.91,2835.33,1998.77,2160.10,4049.79,4251.26,2765.27,2082.06,4150.37,B_cut
35862,good,6601,99,99,54384624,2791.16,2889.55,1618.08,1983.79,4404.00,4757.00,2855.18,1799.12,4569.85,B_cut
35864,good,3312,71,71,54392709,2797.45,2889.03,1794.56,2066.00,4333.66,4584.54,2854.44,1931.15,4458.10,B_cut
36784,bad,3900,77,77,185927675,2713.27,2836.66,1798.00,2063.66,4495.97,4730.60,2779.97,1936.69,4618.10,B_cut
36817,good,1836,53,53,55682615,2799.00,2864.00,1658.57,1848.08,4187.95,4366.56,2840.81,1753.64,4278.95,B_cut
37320,good,1834,53,53,56297707,2703.99,2817.81,1969.10,2155.38,4582.33,4742.17,2749.96,2061.92,4665.24,B_cut
37418,good,1731,53,53,56406299,2753.85,2858.00,1595.78,1799.64,4258.43,4396.36,2821.03,1694.56,4342.52,B_cut
37545,good,7418,105,105,56528058,990.89,1298.18,2306.00,2567.95,4048.99,4405.80,1148.45,2435.65,4244.61,A_rich
39463,bad,2242,59,57,186645801,2769.09,2866.47,1990.63,2199.80,4296.93,4507.08,2814.89,2099.74,4405.44,B_cut
39483,good,1907,53,53,58833250,2772.67,2841.01,1955.63,2153.78,4242.19,4408.07,2812.92,2055.97,4319.84,B_cut
39706,good,1630,49,49,59169672,2676.01,2787.38,1988.39,2147.78,4441.59,4612.16,2727.63,2069.72,4524.80,B_cut
41252,bad,1695,53,46,187028536,2721.62,2861.06,1635.29,1791.46,4370.79,4529.44,2798.37,1705.15,4443.78,B_cut
41408,good,1701,51,51,61563404,2789.01,2864.11,1750.41,1941.21,4190.58,4362.67,2826.17,1847.78,4276.08,B_cut
44104,good,5354,91,88,64693144,984.12,1233.05,2322.88,2566.00,3901.53,4230.55,1109.58,2446.24,4067.08,A_rich
45209,good,3601,73,73,65751482,2769.00,2864.00,1739.41,2006.69,3982.73,4231.28,2833.11,1872.51,4104.50,B_cut
45992,good,1486,46,47,66442223,2794.58,2869.89,1738.22,1909.50,4325.34,4468.91,2821.95,1822.50,4401.30,B_cut
48605,good,2858,65,65,69242520,2784.01,2890.63,2022.53,2239.18,4411.30,4636.17,2843.73,2134.90,4523.33,B_cut
48862,good,3210,71,71,69589042,958.49,1181.31,2469.33,2629.52,4048.23,4274.45,1060.17,2560.74,4160.78,A_rich
49378,good,3361,71,71,70282598,1005.28,1233.21,2433.98,2594.01,4423.83,4671.23,1114.49,2533.76,4545.13,A_rich
50385,good,3505,73,73,71754358,972.56,1219.23,2484.00,2628.00,4307.78,4547.64,1087.49,2560.76,4426.14,A_rich
50402,good,1980,55,55,71772327,2785.00,2873.09,1993.94,2187.89,4268.31,4445.24,2828.44,2092.09,4357.40,B_cut
50738,bad,2787,67,60,188964036,2803.16,2902.99,1875.84,2115.36,4258.81,4459.00,2854.93,2001.01,4367.98,B_cut
50983,good,2080,54,57,72509613,2720.86,2861.50,2012.35,2202.95,4192.00,4324.18,2798.42,2110.15,4242.93,B_cut
51172,good,3313,71,71,72832614,879.05,1091.62,2390.14,2566.96,4330.77,4560.42,983.76,2482.45,4450.05,A_rich
51179,good,9205,117,117,72839828,973.00,1375.65,2513.69,2693.61,4148.80,4541.53,1170.21,2609.66,4344.68,A_rich
51913,good,1768,51,51,73821699,901.46,1044.70,2477.00,2600.96,4199.59,4368.04,974.86,2537.22,4280.27,A_rich
52159,good,3901,77,77,74147021,2789.65,2931.99,1969.01,2241.62,4505.07,4791.56,2867.49,2113.43,4649.80,B_cut
53676,good,1609,49,47,76136704,2787.98,2836.19,1850.88,2021.17,4266.79,4425.69,2819.12,1936.95,4340.35,B_cut
53702,bad,7277,105,105,189689499,747.00,1038.00,2284.60,2580.86,4068.09,4412.17,891.81,2438.91,4235.97,A_rich
59241,good,10837,127,127,82707020,2689.89,2968.77,2018.34,2439.23,4516.36,4982.61,2860.11,2241.49,4749.57,B_cut
59289,bad,7541,107,107,190985430,2749.44,2933.01,1935.64,2283.99,4192.64,4559.97,2852.06,2122.91,4380.85,B_cut
67658,good,3129,69,69,93486737,858.64,1042.52,2395.32,2565.01,4582.69,4814.33,938.33,2490.56,4702.62,A_rich
67695,bad,3800,75,75,192905425,1018.65,1295.64,2538.87,2664.00,4522.21,4801.25,1153.99,2599.98,4667.42,A_rich
67853,good,4234,77,83,93717450,820.89,1084.84,2432.64,2621.00,4222.51,4481.32,946.24,2531.82,4349.04,A_rich
67863,good,5829,93,93,93724325,891.29,1219.85,2464.14,2620.00,4421.82,4774.00,1051.92,2549.79,4601.53,A_rich
67868,good,4755,85,85,93737859,918.00,1221.21,2493.03,2651.87,4262.58,4565.60,1068.06,2582.23,4413.03,A_rich
68225,good,3340,70,71,94140655,1014.93,1273.89,2592.25,2696.01,4179.18,4423.84,1144.10,2642.17,4300.58,A_rich
69629,good,4676,102,80,95694996,2796.40,2937.81,1316.99,1698.02,4264.94,4514.21,2885.81,1506.39,4381.04,B_cut
75202,good,5950,95,95,101793526,2762.99,2957.93,2007.59,2310.99,4195.78,4522.17,2863.18,2163.59,4360.12,B_cut
76500,good,2766,65,65,102994984,2805.97,2934.31,1994.05,2211.10,4105.84,4318.69,2865.42,2108.01,4208.41,B_cut
76697,good,8994,117,115,103216749,944.00,1357.81,2531.00,2711.02,4442.13,4842.93,1144.70,2618.78,4650.03,A_rich
76787,good,2861,65,65,103289481,851.45,1059.41,2466.63,2599.00,4593.10,4825.97,947.27,2540.92,4712.68,A_rich
77112,good,1818,53,53,103583137,930.11,1101.18,2524.01,2614.75,4413.64,4599.83,1014.67,2566.59,4504.67,A_rich
78235,good,3129,69,69,104690137,857.02,1068.51,2463.59,2589.84,4450.37,4692.46,961.84,2535.12,4571.65,A_rich
78543,good,5105,87,87,105021826,784.78,1063.63,2421.98,2624.00,4306.47,4607.82,921.26,2524.49,4454.89,A_rich
78912,good,1391,46,48,105388263,817.56,960.38,2470.49,2582.99,4245.69,4397.18,888.44,2528.75,4320.72,A_rich
80066,good,7119,102,103,106751079,2811.30,2925.27,1353.53,1748.85,3956.34,4318.93,2890.99,1548.42,4149.47,B_cut
84567,good,2040,55,55,112279104,938.17,1127.23,2548.00,2660.31,4292.77,4479.26,1032.02,2609.45,4388.88,A_rich
84655,good,2619,63,63,112351978,830.74,1035.13,2471.17,2617.00,4082.60,4315.00,933.95,2543.12,4196.03,A_rich
88262,bad,2075,57,57,197079811,955.67,1138.51,2577.78,2673.87,4195.01,4395.42,1044.44,2626.84,4295.38,A_rich
88263,bad,2372,61,61,197081886,955.81,1162.40,2554.26,2675.80,4095.97,4302.70,1056.93,2614.44,4197.12,A_rich
89934,good,4649,83,83,117566040,975.04,1269.41,2579.13,2731.81,4501.24,4763.36,1121.31,2651.44,4636.29,A_rich
90031,good,1632,49,49,117661606,955.99,1119.81,2576.01,2672.01,4441.21,4607.51,1033.30,2627.10,4524.45,A_rich
90032,good,2521,61,61,117663238,964.34,1165.55,2607.76,2710.00,4339.58,4548.34,1062.08,2659.18,4448.23,A_rich
90086,good,6733,101,101,117724252,840.28,1148.03,2525.26,2718.01,4199.12,4549.71,988.69,2628.69,4376.51,A_rich
91391,good,7141,103,103,119094887,967.88,1340.08,2593.58,2769.70,3975.38,4353.15,1143.29,2700.01,4160.95,A_rich
91758,good,3409,71,71,119478743,869.29,1102.82,2518.46,2685.59,3998.82,4254.51,972.64,2613.30,4125.86,A_rich
91954,good,10836,127,127,119690508,937.94,1405.60,2603.44,2778.48,4106.67,4575.07,1164.74,2700.65,4341.47,A_rich
93234,good,4649,83,83,121080603,747.03,989.18,2412.44,2625.00,4015.19,4305.25,858.88,2533.27,4159.50,A_rich
93396,good,1527,48,49,121280842,2791.00,2885.32,1508.99,1674.10,4273.20,4421.89,2842.81,1584.70,4354.64,B_cut
93567,good,9361,119,119,121467249,639.99,942.20,2306.83,2620.97,4064.33,4485.88,788.29,2466.51,4271.48,A_rich
93631,good,1505,47,47,121548790,907.70,1063.47,2547.25,2664.89,4586.44,4745.23,982.45,2603.85,4667.75,A_rich
93827,good,2521,61,61,121784215,834.96,1009.62,2475.25,2638.79,4569.35,4781.83,914.60,2557.45,4675.31,A_rich
93844,bad,4537,83,83,197962787,764.10,950.24,2356.28,2608.56,4578.33,4865.63,846.30,2488.88,4727.35,A_rich
94387,good,2689,63,63,122316848,808.27,1006.88,2458.62,2615.44,4463.23,4684.34,902.30,2543.12,4572.29,A_rich
106449,good,6917,115,103,132198487,2813.50,3000.00,2015.92,2360.50,4087.35,4497.00,2934.32,2205.53,4268.11,B_cut
110095,good,5989,99,123,135390228,644.06,986.46,2798.40,2981.04,3905.36,4385.79,818.74,2903.63,4181.17,A_rich
110270,good,10217,124,127,135520833,614.98,1043.70,2775.17,2999.99,4117.87,4617.59,820.71,2902.74,4367.09,A_rich
110422,good,6993,100,113,135683814,500.23,852.08,2656.32,2922.63,4082.33,4484.92,656.64,2798.71,4294.46,A_rich
110915,good,8141,111,111,136113157,581.02,819.78,2229.61,2576.00,4063.18,4477.47,686.84,2414.03,4268.12,A_rich
110955,good,10837,127,127,136173758,662.20,1041.22,2392.56,2707.55,3868.00,4334.44,847.07,2563.46,4101.32,A_rich
111031,good,10837,127,127,136271004,830.51,1265.26,2562.00,2792.51,3833.10,4297.70,1047.03,2689.44,4066.08,A_rich
111128,good,10837,127,127,136376403,722.95,1110.71,2463.05,2737.00,4092.20,4554.16,907.39,2613.22,4326.37,A_rich
111200,bad,2663,74,75,201206178,500.01,702.80,2639.16,2840.93,4050.01,4333.07,565.81,2721.96,4179.52,A_rich
111668,good,4537,83,83,136859481,953.12,1245.91,2646.32,2771.25,4258.94,4554.69,1097.11,2711.66,4408.98,A_rich
111703,good,3505,73,73,136901914,862.51,1090.29,2529.07,2700.29,4425.36,4677.10,973.62,2621.81,4552.37,A_rich
112068,good,7993,109,109,137276026,960.33,1343.79,2647.01,2797.89,4068.05,4459.16,1147.44,2733.26,4263.58,A_rich
112177,good,5829,93,93,137397447,751.79,1036.09,2448.18,2662.00,4457.26,4777.13,884.26,2562.81,4621.42,A_rich
112278,good,4429,81,81,137476496,955.90,1219.25,2590.09,2750.04,4450.48,4712.92,1084.66,2681.73,4584.42,A_rich
112481,bad,9954,127,121,201415771,626.00,1036.45,2784.59,2997.71,4373.63,4843.20,818.92,2899.06,4613.53,A_rich
112543,good,10837,127,127,137770600,624.71,1038.89,2774.15,2993.98,4604.66,5073.25,827.95,2891.65,4838.74,A_rich
112847,bad,5654,85,115,201502235,804.77,1065.21,2891.77,2999.99,4543.22,4982.43,938.55,2951.97,4777.30,A_rich
112991,bad,4506,83,83,201540890,500.38,737.26,2672.42,2855.00,4542.24,4837.88,613.34,2769.24,4687.62,A_rich
114275,good,7305,115,103,139576000,500.33,846.00,2670.00,2922.00,4277.50,4681.21,681.51,2819.11,4465.50,A_rich
115469,good,4463,82,101,140900130,500.00,695.92,2655.56,2834.96,4164.21,4508.84,584.89,2744.85,4355.98,A_rich
118813,bad,4727,90,90,202647769,637.00,858.00,2426.24,2644.70,4028.01,4358.00,745.46,2544.19,4190.19,A_rich
119752,good,9795,121,121,145399191,808.28,1207.13,2588.06,2819.00,3805.00,4235.11,1008.11,2713.63,4016.73,A_rich
119893,good,9984,123,123,145554180,758.37,1140.34,2554.77,2786.99,4005.14,4436.58,940.22,2684.21,4219.42,A_rich
119914,good,10519,127,127,145578308,638.09,993.48,2367.85,2721.04,3813.43,4294.81,797.18,2569.70,4046.96,A_rich
120999,bad,5903,109,98,203087701,553.27,841.00,2305.68,2621.30,4072.36,4455.93,697.23,2490.48,4282.65,A_rich
121864,good,2437,61,61,147019567,989.00,1196.34,2674.00,2780.55,4379.38,4579.46,1092.56,2732.26,4479.95,A_rich
122489,good,2943,67,66,147549376,842.17,1060.62,2575.99,2719.15,4553.05,4780.24,948.72,2644.81,4664.44,A_rich
122809,good,2605,63,63,147769057,732.00,924.81,2493.70,2648.70,4563.61,4796.78,827.11,2571.18,4678.60,A_rich
123001,bad,6999,103,103,203438386,576.78,823.71,2346.96,2635.21,4151.82,4526.26,686.61,2505.10,4338.22,A_rich
123054,good,4989,87,87,147894792,696.00,969.13,2465.01,2665.30,4431.85,4719.79,823.79,2566.66,4573.54,A_rich
123099,bad,1769,51,51,203467068,660.29,803.02,2469.09,2606.72,4417.10,4594.94,721.49,2539.80,4507.38,A_rich
123107,good,3406,71,71,147943838,782.86,1011.84,2554.00,2720.00,4344.38,4582.78,896.40,2641.29,4467.92,A_rich
123244,good,2772,65,65,148057172,972.30,1181.85,2634.04,2753.01,4474.81,4691.99,1075.38,2700.83,4580.40,A_rich
123578,good,1769,51,51,148236809,1022.25,1208.43,2675.11,2797.03,4604.20,4759.45,1113.84,2739.48,4686.39,A_rich
123579,good,2205,57,57,148238578,693.01,877.19,2497.90,2624.20,4477.00,4666.63,778.93,2563.49,4570.50,A_rich
123586,good,10830,127,127,148240783,645.87,1021.96,2476.53,2760.99,4107.26,4553.36,824.49,2630.20,4339.64,A_rich
123596,good,4750,85,85,148255309,858.04,1140.21,2654.27,2806.46,4278.46,4559.17,1000.33,2736.09,4427.06,A_rich
123636,good,9308,119,119,148278261,825.41,1217.22,2615.15,2857.80,4542.59,4924.99,1015.91,2734.25,4739.83,A_rich
123838,bad,9939,123,123,203610187,608.00,924.00,2390.03,2716.32,3918.81,4362.53,754.26,2567.91,4139.35,A_rich
123861,good,8741,115,115,148473299,989.96,1388.78,2666.66,2885.68,4429.21,4824.32,1177.42,2792.36,4628.09,A_rich
124006,good,2861,65,65,148584464,663.99,850.48,2469.87,2637.46,4553.82,4777.88,751.80,2551.10,4663.87,A_rich
124194,bad,10205,124,124,203712139,695.91,1099.15,2522.00,2810.50,3753.84,4224.00,888.94,2673.03,3989.13,A_rich
124372,good,10773,127,126,148837524,640.10,999.59,2417.38,2723.00,4175.40,4617.22,809.22,2580.16,4402.93,A_rich
124520,good,3200,69,71,148982802,914.57,1163.72,2710.99,2830.64,3988.55,4253.21,1038.49,2769.04,4118.32,A_rich
125307,good,2686,63,63,149492941,980.87,1196.12,2724.19,2865.41,4574.06,4789.91,1088.57,2796.42,4679.55,A_rich
125683,good,2441,61,61,149742350,631.99,790.06,2453.07,2610.99,4535.68,4740.41,703.38,2540.23,4630.52,A_rich
125904,good,3217,69,69,149907268,742.97,968.07,2531.25,2702.98,4525.00,4752.06,850.07,2614.47,4636.21,A_rich
126166,good,1764,53,54,150129483,939.71,1127.37,2700.95,2785.00,4142.89,4320.66,1029.36,2748.40,4232.77,A_rich
126170,bad,5826,93,93,204106345,809.64,1112.87,2615.40,2827.29,4511.00,4827.29,959.08,2715.28,4659.79,A_rich
126348,good,1524,46,52,150275680,930.46,1104.83,2700.16,2786.01,4214.13,4380.34,1012.86,2745.03,4299.61,A_rich
126645,good,4005,77,77,150531377,679.35,919.29,2525.00,2704.19,4527.52,4805.32,791.80,2615.57,4664.20,A_rich
127067,good,1502,47,47,150847783,780.78,946.51,2600.18,2696.23,4484.90,4628.22,862.05,2641.47,4551.59,A_rich
127464,bad,4426,81,81,204304906,945.37,1237.00,2749.00,2876.00,4037.55,4308.39,1090.36,2800.09,4168.95,A_rich
127661,good,1139,42,42,151212135,800.00,947.82,2625.20,2734.99,4431.34,4545.26,875.25,2687.14,4494.94,A_rich
127761,good,8289,111,111,151298879,964.04,1376.27,2732.00,2899.00,4206.30,4615.86,1168.49,2827.21,4414.01,A_rich
128049,good,1830,55,55,151500919,904.73,1101.53,2687.60,2824.46,4395.11,4561.53,1010.41,2759.57,4485.91,A_rich
128146,good,3763,75,75,151558643,867.99,1117.90,2696.59,2818.01,4126.89,4394.48,990.75,2758.67,4259.41,A_rich
128788,good,3204,73,71,152111182,769.30,987.92,2607.99,2757.99,4120.98,4359.66,874.17,2696.02,4239.11,A_rich
128978,good,4873,85,85,152252939,600.01,800.00,2409.99,2674.68,3933.02,4251.00,694.88,2545.96,4092.30,A_rich
129374,bad,5829,93,93,204705537,531.46,711.05,2276.88,2575.68,4202.78,4522.87,610.54,2436.30,4365.14,A_rich
130213,good,2520,61,61,153330840,586.86,723.52,2426.42,2620.13,4401.22,4590.58,653.32,2523.74,4498.51,A_rich
130595,good,1092,50,38,153689883,778.55,961.59,2646.94,2750.63,4424.02,4523.56,867.43,2697.01,4481.29,A_rich
130816,good,8251,111,113,153807344,651.68,966.85,2492.99,2773.83,3956.74,4353.80,794.35,2640.06,4147.59,A_rich
132394,good,1435,45,47,154973237,646.27,778.61,2507.12,2616.74,4255.44,4424.51,710.74,2563.50,4338.28,A_rich
133008,good,4758,85,85,155524415,703.85,957.41,2585.00,2767.66,4594.75,4893.31,829.14,2677.23,4744.59,A_rich
133079,bad,2205,57,57,205453841,702.21,883.73,2585.76,2742.72,4521.20,4706.95,788.96,2668.75,4611.30,A_rich
133185,good,1766,51,51,155663933,634.69,782.32,2546.12,2702.19,4476.36,4644.83,712.34,2627.04,4563.55,A_rich
133198,good,1981,55,55,155676087,574.21,723.32,2473.62,2640.89,4463.45,4646.26,650.32,2555.11,4558.17,A_rich
133226,good,5829,93,93,155709627,983.53,1310.26,2760.00,2896.00,4461.79,4758.58,1142.97,2831.55,4606.70,A_rich
133339,good,4649,83,83,155801903,1021.13,1301.63,2795.02,2931.90,4233.45,4515.65,1159.78,2860.25,4372.48,A_rich
133350,good,3601,73,73,155811312,555.72,741.58,2387.00,2596.66,4554.89,4798.41,640.88,2503.99,4668.78,A_rich
133467,good,1698,51,51,155915912,961.07,1131.70,2758.77,2846.01,4213.10,4388.35,1045.81,2806.26,4300.55,A_rich
133593,good,2270,59,58,156026349,933.54,1117.03,2747.00,2868.68,4308.59,4510.79,1026.32,2810.17,4410.62,A_rich
133669,good,2280,59,58,156077470,818.03,1008.24,2674.30,2780.09,4539.26,4733.25,910.60,2732.89,4629.55,A_rich
133785,good,1817,51,54,156171697,900.01,1086.56,2760.39,2841.24,4407.00,4573.45,992.02,2798.13,4495.84,A_rich
134100,good,3504,73,73,156387580,592.32,782.07,2488.56,2696.00,4356.32,4593.36,679.08,2596.24,4485.50,A_rich
134119,good,2049,55,55,156411584,688.95,856.77,2626.64,2750.03,4421.90,4599.79,771.25,2686.50,4514.50,A_rich
134252,good,2438,61,61,156494882,756.01,952.00,2667.27,2793.70,4382.23,4581.71,856.10,2731.53,4484.13,A_rich
134397,good,1566,49,49,156633774,764.03,917.85,2649.59,2740.73,4302.84,4467.73,838.18,2697.09,4385.32,A_rich
134479,good,1909,53,53,156700993,939.74,1127.54,2764.11,2856.58,4067.95,4235.79,1030.50,2806.05,4152.30,A_rich
134483,good,10837,127,127,156703904,562.99,888.10,2397.27,2746.76,4137.93,4575.48,696.66,2592.95,4360.30,A_rich
134528,good,3119,69,69,156741461,527.82,643.00,2336.42,2569.79,4391.77,4619.39,584.03,2452.91,4512.06,A_rich
134644,good,8437,113,113,156853531,564.00,855.66,2426.53,2725.00,3950.94,4338.33,696.44,2589.00,4143.31,A_rich
134649,good,6849,100,101,156861968,837.63,1169.23,2713.95,2895.99,3889.90,4233.75,1002.88,2802.99,4065.90,A_rich
134773,good,4321,81,81,156972775,730.35,986.98,2632.65,2814.00,4016.30,4291.00,855.43,2727.78,4156.78,A_rich
134853,good,9841,121,121,157031583,661.98,1022.64,2540.08,2829.03,3813.79,4229.33,837.55,2699.26,4021.60,A_rich
135164,good,6730,101,101,157283058,472.01,651.88,2235.67,2565.40,4054.03,4400.48,561.88,2399.03,4230.05,A_rich
136033,good,1501,47,47,157967833,864.83,1029.76,2738.65,2807.35,4167.13,4325.54,948.30,2774.14,4246.77,A_rich
141857,good,4758,85,85,162016589,555.15,771.92,2452.63,2684.56,3955.08,4261.07,652.75,2578.11,4111.35,A_rich
141870,bad,10828,127,127,207036650,472.99,732.87,2259.03,2663.95,3791.46,4259.02,589.87,2473.74,4025.88,A_rich
142041,good,2277,59,59,162130703,643.77,804.97,2575.40,2744.00,4107.54,4313.05,722.70,2663.01,4209.51,A_rich
142081,good,1909,53,53,162155815,674.84,845.50,2625.00,2747.94,4206.80,4394.08,753.83,2684.29,4297.93,A_rich
142346,good,3701,75,75,162335981,710.43,962.92,2652.69,2812.19,4164.89,4415.10,834.61,2731.69,4288.37,A_rich
142896,bad,4207,79,79,207316504,980.55,1278.36,2822.00,2924.79,4020.82,4299.08,1126.33,2862.13,4156.31,A_rich
143231,good,2946,67,66,162874191,1007.16,1236.20,2803.00,2919.11,4178.98,4407.83,1119.78,2858.32,4292.98,A_rich
143510,good,1716,51,51,163055031,803.04,968.70,2725.88,2831.32,4096.57,4271.67,886.50,2782.71,4186.37,A_rich
144084,good,5046,87,87,163419496,987.48,1273.30,2802.99,2947.00,4256.69,4550.49,1128.41,2881.06,4405.39,A_rich
144160,good,6464,99,99,163484160,893.70,1235.23,2730.59,2903.21,4453.83,4766.53,1056.74,2828.67,4606.44,A_rich
144203,good,2712,64,64,163524465,837.97,1060.44,2740.84,2844.93,4133.21,4346.68,950.99,2798.91,4240.89,A_rich
144208,good,3313,71,71,163544738,539.00,710.17,2463.32,2676.14,4397.55,4659.19,619.60,2573.12,4529.19,A_rich
144236,good,4537,83,83,163556988,531.00,738.81,2441.01,2694.00,4503.25,4799.79,628.28,2574.13,4650.39,A_rich
144243,good,4139,79,79,163565247,616.01,850.86,2527.46,2729.01,4596.02,4871.78,725.48,2638.53,4731.78,A_rich
144308,good,2438,61,61,163614999,745.08,939.48,2658.93,2780.58,4309.33,4514.32,839.20,2721.24,4412.89,A_rich
144361,good,3701,75,75,163644367,607.01,825.46,2546.77,2740.48,4338.71,4622.39,702.84,2651.88,4481.92,A_rich
144365,good,6894,103,103,163648068,662.83,1007.82,2595.11,2805.00,4496.02,4851.16,826.65,2714.67,4668.75,A_rich
144873,good,5338,89,89,164101486,473.80,683.66,2331.92,2606.88,4579.35,4889.25,565.10,2480.64,4738.34,A_rich
145450,bad,3278,75,70,207834019,979.94,1246.04,2826.00,2922.00,4074.54,4334.38,1108.87,2881.35,4206.34,A_rich
145513,good,1701,51,51,164623317,617.34,735.87,2519.92,2656.30,4275.88,4459.50,667.10,2598.38,4367.50,A_rich
145557,good,2689,63,63,164656597,544.02,681.00,2415.99,2622.74,4246.09,4474.70,614.93,2524.48,4358.53,A_rich
145628,good,3378,73,83,164705628,922.15,1247.51,2823.43,2951.00,4419.49,4598.48,1077.04,2898.55,4511.04,A_rich
145768,bad,2194,59,57,207930213,865.47,1056.29,2739.42,2862.00,4371.47,4557.82,962.67,2808.67,4471.00,A_rich
145835,good,1584,47,49,164868107,975.32,1146.55,2817.95,2908.79,4596.02,4758.36,1061.23,2859.65,4675.39,A_rich
145997,bad,3878,76,77,208007983,985.65,1275.39,2876.82,2974.18,4330.01,4595.42,1128.16,2936.36,4471.09,A_rich
146003,bad,4552,85,79,208011861,843.99,1141.00,2778.29,2949.87,4321.02,4596.00,993.98,2877.30,4461.89,A_rich
146090,good,1810,54,55,165068968,882.92,1061.41,2762.01,2877.99,4262.94,4435.66,967.28,2822.47,4354.45,A_rich
146235,bad,4589,96,84,208093865,725.90,1041.94,2702.82,2889.21,3935.19,4254.21,864.36,2788.75,4082.55,A_rich
146266,bad,2135,57,58,208098454,825.62,1028.46,2763.11,2897.23,4188.78,4390.73,921.17,2830.28,4290.29,A_rich
146493,bad,3003,69,71,208173659,942.73,1210.61,2821.64,2938.02,4090.09,4304.35,1072.50,2888.91,4194.05,A_rich
146565,good,2940,67,67,165378795,855.49,1082.91,2815.79,2928.14,4026.97,4248.85,967.09,2870.74,4145.74,A_rich
146581,good,3948,77,77,165400866,733.50,999.00,2686.90,2838.02,4379.82,4638.45,870.42,2757.77,4514.29,A_rich
146586,good,2600,63,63,165406788,727.42,938.24,2752.99,2887.99,4130.86,4336.58,834.43,2820.98,4237.14,A_rich
146668,good,6081,95,95,165463247,596.54,902.85,2712.76,2896.03,3993.86,4322.36,752.22,2797.67,4161.00,A_rich
146687,bad,1818,53,53,208225266,776.26,948.50,2717.82,2828.51,4266.71,4429.73,857.69,2776.94,4352.29,A_rich
146809,bad,6199,109,106,208239833,1002.00,1336.76,2878.01,2997.00,3853.18,4227.09,1161.17,2932.59,4045.42,A_rich
146835,bad,2756,65,65,208250978,784.00,1002.01,2706.43,2851.69,4282.38,4495.82,885.34,2785.78,4388.62,A_rich
146838,good,10595,127,127,165620113,500.00,830.76,2500.12,2851.99,3838.50,4318.81,637.89,2702.67,4084.37,A_rich
146857,good,1988,55,55,165644605,839.21,1020.28,2753.00,2895.75,4307.33,4471.64,924.88,2823.65,4392.32,A_rich
146868,bad,2765,65,64,208266662,701.52,930.47,2688.52,2825.81,4193.37,4421.00,818.67,2760.70,4309.11,A_rich
146915,bad,2459,61,61,208275299,753.92,967.93,2767.00,2881.34,4056.56,4274.08,863.89,2820.53,4166.97,A_rich
146987,good,1679,45,53,165746622,760.13,949.50,2728.99,2840.48,4181.64,4337.60,849.91,2782.46,4260.75,A_rich
147012,bad,7815,109,109,208315581,730.62,1096.62,2755.83,2968.08,4002.00,4372.17,919.90,2870.11,4186.37,A_rich
147030,good,2653,63,62,165776429,896.22,1098.60,2798.05,2957.42,4314.49,4517.03,999.37,2881.93,4413.46,A_rich
147149,good,3406,71,71,165865155,660.29,881.08,2674.23,2846.00,4031.35,4294.62,768.77,2760.24,4161.05,A_rich
147178,bad,8287,111,111,208376313,706.00,1062.13,2683.60,2937.48,3848.48,4256.53,878.04,2817.29,4057.78,A_rich
147226,bad,5267,81,103,208398864,500.01,708.02,2537.60,2770.99,4088.02,4456.58,585.68,2661.53,4268.33,A_rich
147274,good,3219,69,69,165927010,728.63,953.84,2714.47,2879.24,4367.41,4605.57,838.91,2801.50,4484.87,A_rich
147544,good,4109,79,79,166119037,895.35,1160.12,2844.82,2998.00,4375.47,4616.44,1031.49,2925.68,4498.84,A_rich
147549,bad,3900,77,77,208452501,581.36,802.02,2586.00,2781.45,3968.02,4240.71,687.67,2685.01,4104.07,A_rich
147594,good,3187,71,70,166157627,654.44,883.51,2648.17,2813.00,4134.18,4382.18,760.31,2731.42,4254.94,A_rich
147764,bad,2752,64,64,208510001,526.88,678.90,2517.01,2697.86,4064.96,4288.59,606.64,2603.93,4177.34,A_rich
147816,good,3565,75,75,166349220,621.87,821.87,2596.00,2790.60,4025.78,4289.03,718.94,2694.72,4158.86,A_rich
147888,bad,4762,85,85,208590211,613.02,885.08,2674.00,2864.00,4415.00,4711.12,753.17,2763.80,4558.05,A_rich
147897,good,4230,87,84,166404009,500.02,699.99,2564.39,2742.90,4276.72,4609.91,580.78,2645.89,4439.42,A_rich
147901,good,2857,65,65,166408239,705.56,916.79,2693.00,2856.01,4319.49,4517.94,807.10,2769.67,4419.69,A_rich
147958,bad,1633,49,49,208612821,564.68,700.52,2574.00,2701.06,4191.49,4358.22,635.07,2636.91,4277.71,A_rich
147965,bad,2429,60,61,208614454,618.11,815.08,2662.20,2786.99,4586.00,4777.37,717.72,2731.52,4688.84,A_rich
147967,good,4236,82,88,166449214,500.01,670.84,2570.55,2776.00,4459.11,4761.23,574.03,2674.70,4609.39,A_rich
148173,good,4090,76,93,166585826,996.70,1262.88,2886.62,3000.00,4281.77,4603.01,1126.74,2956.94,4453.16,A_rich
148270,bad,9730,124,122,208674004,891.77,1331.18,2835.90,3000.00,3955.36,4381.55,1099.14,2941.32,4172.41,A_rich
148339,good,2688,63,63,166694653,654.24,874.68,2726.45,2834.01,4557.29,4763.88,766.45,2786.42,4662.84,A_rich
148358,bad,2946,67,67,208709599,661.00,880.99,2749.34,2872.19,4451.53,4668.23,772.64,2809.87,4557.58,A_rich
148392,bad,3218,69,69,208722870,957.20,1219.43,2856.12,2985.81,4493.11,4711.91,1085.75,2915.22,4605.97,A_rich
148436,good,3895,77,77,166745254,573.24,789.55,2588.08,2785.48,4102.36,4362.12,678.64,2690.57,4238.61,A_rich
148460,bad,10785,127,127,208744404,661.02,1086.88,2702.64,2964.54,4305.94,4706.23,882.42,2834.90,4500.84,A_rich
148488,good,3502,73,73,166822193,988.27,1258.87,2866.98,2999.86,4590.00,4821.95,1126.32,2925.96,4698.81,A_rich
148579,bad,4109,79,79,208772694,860.10,1137.82,2807.38,2953.70,4583.15,4852.64,999.77,2873.74,4717.09,A_rich
148587,bad,5340,89,89,208783776,537.07,835.61,2619.97,2842.01,4352.19,4643.00,684.43,2732.33,4495.66,A_rich
148614,good,1502,46,48,166903202,847.50,1027.94,2781.52,2879.49,4169.18,4319.95,938.35,2826.83,4244.97,A_rich
148720,good,5950,95,95,166970427,692.31,1008.49,2669.00,2893.12,4599.33,4897.00,854.00,2791.90,4754.42,A_rich
148801,good,6462,99,98,167025830,463.18,689.14,2378.57,2672.85,3866.71,4228.12,563.47,2540.68,4048.23,A_rich
149161,good,4884,91,92,167334550,501.00,720.10,2413.65,2686.00,3924.78,4229.01,597.58,2554.35,4072.32,A_rich
149401,bad,1472,47,47,208982738,885.13,1047.36,2805.52,2906.52,4494.65,4637.39,968.69,2860.85,4570.41,A_rich
149405,good,1617,61,48,167567220,819.42,1035.33,2784.00,2896.02,4421.15,4597.98,933.16,2846.68,4519.83,A_rich
149736,good,940,48,36,167883907,803.25,980.58,2726.80,2809.85,4245.63,4377.57,891.55,2776.13,4308.05,A_rich
150117,good,1633,49,49,168294099,532.01,660.59,2505.65,2657.36,4260.34,4418.46,596.93,2585.19,4339.23,A_rich
150217,good,9641,118,120,168347845,540.42,967.28,2613.25,2861.44,4121.41,4529.65,744.59,2751.30,4333.38,A_rich
150914,good,1981,55,55,168842342,507.42,674.77,2529.59,2664.68,4266.64,4465.53,584.22,2604.75,4365.94,A_rich
151425,good,1468,43,55,169179653,875.38,1067.48,2751.95,2860.94,4235.00,4401.60,980.62,2811.90,4318.41,A_rich
151958,bad,2053,55,55,209428393,545.84,702.09,2555.49,2695.00,4349.10,4550.59,615.55,2628.99,4450.63,A_rich
152087,good,2859,65,65,169643797,505.13,665.77,2493.77,2681.99,4504.82,4731.60,579.97,2592.65,4623.19,A_rich
152342,bad,2199,57,57,209501103,906.47,1111.50,2808.19,2906.18,4546.61,4727.05,1003.89,2857.02,4632.20,A_rich
152578,bad,1349,47,44,209542778,1011.14,1177.92,2839.44,2938.15,4557.32,4677.30,1092.15,2883.91,4612.81,A_rich
152671,good,4309,81,81,169929582,548.00,783.70,2557.00,2773.01,4449.42,4746.53,659.49,2670.53,4595.84,A_rich
152881,good,2944,67,67,170002777,593.98,818.71,2594.73,2751.29,4599.02,4834.92,707.73,2678.01,4720.00,A_rich
153114,bad,3597,73,73,209608272,681.06,921.69,2659.22,2821.01,4566.16,4813.91,801.10,2745.42,4690.33,A_rich
153302,bad,4744,85,84,209668561,826.80,1110.98,2757.13,2921.70,4587.44,4867.15,974.10,2839.12,4718.31,A_rich
153345,bad,1485,47,47,209679368,737.42,890.27,2744.81,2838.00,4494.55,4654.01,817.42,2787.87,4574.50,A_rich
153503,good,2016,54,57,170362490,551.99,689.03,2527.75,2687.45,4378.35,4588.93,616.59,2609.78,4484.18,A_rich
153535,good,1561,49,49,170385505,624.32,777.04,2620.99,2725.99,4330.57,4497.42,695.35,2674.17,4414.75,A_rich
153798,good,2008,66,59,170515995,685.09,904.87,2686.68,2837.02,4443.24,4624.27,780.70,2765.36,4542.72,A_rich
154174,good,1966,55,54,170733134,742.84,927.32,2734.21,2834.65,4602.76,4781.34,836.09,2789.20,4694.04,A_rich
163076,good,8491,119,124,174341862,500.01,773.99,2575.71,2838.34,4027.27,4464.87,613.18,2709.28,4244.77,A_rich
163091,bad,9841,121,121,210795864,573.82,969.98,2665.13,2908.62,4093.06,4487.10,763.70,2793.69,4298.18,A_rich
163108,bad,10493,125,125,210805705,710.14,1137.00,2766.01,2997.00,3987.73,4405.13,924.34,2888.73,4196.05,A_rich
163113,bad,3409,71,71,210816198,559.77,784.02,2635.81,2834.85,4376.60,4600.02,670.96,2739.83,4485.79,A_rich
163132,good,4168,81,83,174384584,500.91,697.12,2597.16,2803.65,4431.15,4700.25,593.66,2708.18,4560.24,A_rich
163169,good,2504,61,61,174401226,752.39,954.88,2760.01,2911.40,4362.02,4566.00,854.89,2844.00,4460.73,A_rich
163188,good,9182,117,117,174417408,681.68,1085.07,2749.87,2976.98,4357.39,4723.99,890.83,2865.62,4552.05,A_rich
163189,good,4429,81,81,174426590,594.05,840.82,2713.90,2893.00,3950.07,4234.73,715.09,2805.85,4094.49,A_rich
163218,good,4848,90,104,174444362,500.01,695.44,2578.18,2763.39,4236.15,4647.61,575.04,2670.70,4437.71,A_rich
163251,good,4761,85,85,174457396,569.61,845.63,2712.20,2864.93,4481.00,4749.60,705.83,2787.62,4619.01,A_rich
163326,good,2050,57,57,174480899,974.50,1172.01,2902.14,2999.89,4441.19,4618.65,1071.55,2960.63,4543.60,A_rich
163479,good,1733,51,51,174552379,976.70,1138.32,2897.65,2999.99,4352.71,4533.99,1062.38,2955.62,4441.70,A_rich
163925,good,2500,61,59,174772793,974.00,1172.58,2867.53,2998.94,4252.13,4459.30,1071.11,2928.85,4353.58,A_rich
