72,48,6.7e-05,0.0,0.188374,0.0,6.7e-05,0.102636,0.001863,0.999998,1.993664,-0.999998,0.001863,138.833725
90,48,0.00015,1e-06,0.563963,1e-06,0.00015,1.471581,0.084448,-0.996428,182.564331,0.996428,0.084448,-0.777359
150,48,0.00021,0.000279,0.227225,0.000279,0.00021,3.332168,0.73608,0.676895,-53.431389,-0.676895,0.73608,105.833344
238,48,0.000711,0.000967,1.142629,0.000967,0.000711,0.147481,0.719418,-0.694577,71.827705,0.694577,0.719418,72.029015
90,72,0.0,8.5e-05,0.977533,8.5e-05,0.0,0.583298,-0.998312,-0.05808,137.075485,0.05808,-0.998312,181.767273
150,72,0.000208,0.000175,2.686027,0.000175,0.000208,0.090532,0.663322,-0.748334,34.737629,0.748334,0.663322,-55.475281
162,72,3e-06,0.000713,1.406617,0.000713,3e-06,0.440853,-0.997593,-0.069344,51.265491,0.069344,-0.997593,75.264702
238,72,0.000563,0.00036,0.14687,0.00036,0.000563,1.213519,-0.595581,-0.803296,68.15918,0.803296,-0.595581,65.897354
234,90,0.000132,0.0,0.178719,0.0,0.000132,0.093825,0.023198,0.999731,80.944687,-0.999731,0.023198,109.441879
238,90,0.000186,0.000125,0.053566,0.000125,0.000186,0.340254,0.659699,0.75153,63.380138,-0.75153,0.659699,118.50824
162,150,0.000552,0.000346,0.403654,0.000346,0.000552,3.904804,-0.658775,-0.75234,108.028534,0.75234,-0.658775,77.563812
286,150,0.000266,0.000469,0.537614,0.000469,0.000266,0.317457,0.780213,-0.625514,-5.675577,0.625514,0.780213,29.655428
238,162,0.000154,0.000129,0.031883,0.000129,0.000154,0.741708,0.655398,0.755283,-16.871056,-0.755283,0.655398,7.897394
286,162,0.000521,0.0,0.466824,0.0,0.000521,0.21668,0.00803,0.999968,34.918144,-0.999968,0.00803,118.802841
407,162,0.000383,0.001787,1.258384,0.001787,0.000383,0.143922,0.904862,-0.425704,77.346336,0.425704,0.904862,52.572708
494,162,0.001317,6e-06,0.378349,6e-06,0.001317,0.39441,0.004266,0.999991,37.824493,-0.999991,0.004266,28.847141
761,162,0.0,0.000243,0.192564,0.000243,0.0,0.439605,-0.999837,-0.018028,110.055412,0.018028,-0.999837,29.345667
238,234,6.9e-05,0.000131,0.455775,0.000131,6.9e-05,0.168111,0.813575,-0.58146,-12.293043,0.58146,0.813575,-16.584419
494,234,7e-06,0.000672,0.181271,0.000672,7e-06,1.120947,0.994024,0.109163,-28.264935,-0.109163,0.994024,41.61676
1717,234,0.000222,1e-06,0.512966,1e-06,0.000222,0.101629,-0.046875,0.998901,25.703363,-0.998901,-0.046875,110.879486
494,238,5.5e-05,0.000108,0.016207,0.000108,5.5e-05,0.027616,0.798713,0.601712,20.347679,-0.601712,0.798713,53.767246
407,286,0.001274,0.000443,0.100796,0.000443,0.001274,1.979085,-0.503928,-0.863746,65.58223,0.863746,-0.503928,45.648903
302,293,0.0,7.8e-05,0.262195,7.8e-05,0.0,0.369578,0.999839,-0.017947,-14.857498,0.017947,0.999839,53.851906
346,293,0.000103,0.0,0.433729,0.0,0.000103,0.095536,-0.007712,0.99997,78.105637,-0.99997,-0.007712,137.785706
346,302,0.000386,2e-06,0.623347,2e-06,0.000386,0.177239,-0.022334,0.999751,94.745995,-0.999751,-0.022334,82.789841
815,302,0.0,0.000158,0.114091,0.000158,0.0,0.146767,0.999941,0.010881,38.652832,-0.010881,0.999941,86.472343
1144,302,0.000387,0.000166,4.312818,0.000166,0.000387,0.263624,-0.532326,0.846539,134.640793,-0.846539,-0.532326,167.238083
416,407,0.000386,0.0,0.081388,0.0,0.000386,0.153092,0.037068,0.999313,6.113503,-0.999313,0.037068,24.308598
761,494,0.001221,6e-06,1.849712,6e-06,0.001221,0.989204,-0.126724,0.991938,3.721451,-0.991938,-0.126724,75.294006
1158,815,0.001451,0.000384,1.848289,0.000384,0.001451,0.95824,0.493689,-0.869639,83.023964,0.869639,0.493689,6.376587
1849,815,0.00135,0.000582,0.206562,0.000582,0.00135,3.856723,-0.661732,0.749741,-3.571976,-0.749741,-0.661732,64.459839
955,835,9.7e-05,0.000116,0.239304,0.000116,9.7e-05,3.16125,0.736345,0.676606,-91.226242,-0.676606,0.736345,4.326965
4593,835,0.000983,3.9e-05,3.478274,3.9e-05,0.000983,0.63206,0.194965,-0.98081,44.896267,0.98081,0.194965,139.949768
6007,835,9e-06,0.000271,0.79475,0.000271,9e-06,0.598257,-0.976502,-0.215509,-24.066399,0.215509,-0.976502,113.970398
6019,835,0.00147,0.00031,3.864148,0.00031,0.00147,0.167011,-0.432719,0.901529,33.441925,-0.901529,-0.432719,139.752884
6007,955,6e-05,0.000144,0.146916,0.000144,6e-05,0.760764,-0.843157,0.537667,-25.263672,-0.537667,-0.843157,123.434738
1107,962,1e-06,0.000359,0.226307,0.000359,1e-06,0.662418,-0.998393,-0.056667,87.891556,0.056667,-0.998393,51.521172
1144,962,0.0,0.000216,1.106789,0.000216,0.0,0.294878,0.999706,0.024255,35.095688,-0.024255,0.999706,-36.986656
1120,1009,0.000383,2e-06,0.389201,2e-06,0.000383,0.208628,-0.034297,0.999412,20.756397,-0.999412,-0.034297,60.166866
1009,672,8.3e-05,0.0,0.028842,0.0,8.3e-05,0.023512,-0.006377,0.99998,19.347179,-0.99998,-0.006377,37.940125
2279,1009,0.000158,0.00014,0.498987,0.00014,0.000158,0.220689,0.686005,-0.727597,55.059711,0.727597,0.686005,-5.376225
1158,1107,2.2e-05,0.001003,0.101796,0.001003,2.2e-05,1.775771,0.986153,0.16584,-18.053574,-0.16584,0.986153,70.3395
1144,1107,0.0,0.000284,0.820233,0.000284,0.0,0.223145,-0.999996,-0.002947,50.247597,0.002947,-0.999996,90.608665
1120,672,1e-06,0.000739,0.190277,0.000739,1e-06,1.431136,-0.999976,-0.006932,78.751274,0.006932,-0.999976,18.483826
2279,1120,0.000284,0.000256,0.121134,0.000256,0.000284,0.91557,-0.685102,-0.728447,65.923813,0.728447,-0.685102,34.066547
1849,1158,2.2e-05,0.000337,1.336383,0.000337,2.2e-05,0.098421,-0.964828,-0.26288,13.287716,0.26288,-0.964828,104.693222
1158,1144,2e-06,0.000799,0.309118,0.000799,2e-06,0.516061,-0.998868,0.047574,68.72805,-0.047574,-0.998868,28.840994
1752,1574,0.000114,9.5e-05,0.105043,9.5e-05,0.000114,1.04247,-0.679423,-0.733747,110.646393,0.733747,-0.679423,80.098587
1836,1574,7.9e-05,6.5e-05,0.162097,6.5e-05,7.9e-05,0.062017,0.666705,-0.745321,-8.958471,0.745321,0.666705,31.588125
6252,1665,0.000448,4.6e-05,0.039749,4.6e-05,0.000448,1.222385,-0.304686,0.952453,-13.561661,-0.952453,-0.304686,95.12989
6859,1665,6e-06,0.000933,1.205806,0.000933,6e-06,2.492141,0.999066,0.043205,143.51178,-0.043205,0.999066,60.353889
7904,1665,0.000245,4e-06,0.087602,4e-06,0.000245,0.139666,0.13175,-0.991283,98.530739,0.991283,0.13175,81.880341
1836,1752,0.000524,0.0,1.63331,0.0,0.000524,0.379942,-0.018196,0.999834,50.956833,-0.999834,-0.018196,121.864105
3566,1752,0.000364,0.000411,3.83697,0.000411,0.000364,0.610186,-0.733751,0.679418,127.215958,-0.679418,-0.733751,126.838036
3566,1836,0.000205,0.000216,0.110365,0.000216,0.000205,1.201055,0.713367,0.700791,-7.760281,-0.700791,0.713367,74.525635
6019,1836,0.000468,0.000891,1.393173,0.000891,0.000468,0.117619,-0.816294,0.577636,6.936814,-0.577636,-0.816294,54.729607
6252,1849,0.000507,0.000254,0.92231,0.000254,0.000507,0.084537,0.579272,0.815134,55.538094,-0.815134,0.579272,3.087261
1849,761,0.00024,0.000486,3.722992,0.000486,0.00024,0.076776,-0.840021,0.542554,22.628788,-0.542554,-0.840021,107.26445
1954,1849,1.1e-05,0.000293,3.058094,0.000293,1.1e-05,0.318547,0.979573,-0.201091,9.337366,0.201091,0.979573,-77.10881
2350,1717,0.000461,2.3e-05,0.814987,2.3e-05,0.000461,0.02393,0.239219,-0.970966,6.316988,0.970966,0.239219,-4.082527
3885,3566,0.0,0.00031,0.131611,0.00031,0.0,0.260467,0.999883,0.015324,0.745815,-0.015324,0.999883,45.414619
4181,3566,0.000786,1.2e-05,3.338989,1.2e-05,0.000786,2.601369,-0.098603,0.995127,-31.242035,-0.995127,-0.098603,-49.215797
5314,3566,0.000323,0.000243,0.275981,0.000243,0.000323,2.181787,-0.641355,-0.767244,93.111519,0.767244,-0.641355,87.704903
4173,3841,0.000243,0.000229,0.107034,0.000229,0.000243,0.463845,-0.693868,-0.720102,79.558228,0.720102,-0.693868,99.065254
4181,3841,0.000193,0.000154,0.218765,0.000154,0.000193,1.12762,0.652094,0.758138,7.52018,-0.758138,0.652094,112.200294
4593,3841,0.000613,0.000616,1.00294,0.000616,0.000613,2.650052,-0.686892,-0.72676,92.293411,0.72676,-0.686892,121.847328
3841,3813,0.000331,3e-06,0.321715,3e-06,0.000331,0.337801,-0.017231,0.999852,68.990112,-0.999852,-0.017231,107.468384
5314,3885,0.000144,0.000111,0.10495,0.000111,0.000144,1.222365,-0.649217,-0.760603,92.398216,0.760603,-0.649217,43.55661
4146,3945,0.000324,0.0,0.723705,0.0,0.000324,0.167224,0.016992,0.999856,35.29636,-0.999856,0.016992,74.38147
4169,3945,0.0,0.000391,0.061328,0.000391,0.0,0.228594,0.999529,0.030702,12.562743,-0.030702,0.999529,56.693317
4297,3945,0.002501,0.001333,2.415124,0.001333,0.002501,0.02289,0.658262,-0.752789,20.785912,0.752789,0.658262,43.06126
4723,3945,0.000914,2e-06,2.530133,2e-06,0.000914,0.038844,-0.000896,1.0,67.452408,-1.0,-0.000896,93.372337
4723,4146,2e-06,0.000575,0.43368,0.000575,2e-06,1.52714,0.999986,-0.005376,-17.749622,0.005376,0.999986,30.386623
4920,4146,3e-06,0.001646,2.54214,0.001646,3e-06,0.621709,-0.999679,0.025347,38.492188,-0.025347,-0.999679,80.591064
4297,4169,0.001192,0.000887,4.294497,0.000887,0.001192,0.323381,0.605175,-0.796092,9.591875,0.796092,0.605175,-13.296326
4933,4169,0.000264,0.00026,0.168611,0.00026,0.000264,0.536207,0.712442,0.701731,-3.24839,-0.701731,0.712442,54.688866
5065,4169,4e-06,0.000394,0.214228,0.000394,4e-06,0.224499,0.99488,0.101065,19.243433,-0.101065,0.99488,8.077225
4181,4173,0.0,0.000455,0.438014,0.000455,0.0,0.675091,-0.999859,-0.016772,58.59277,0.016772,-0.999859,44.385719
4593,4173,0.0,0.000231,0.542748,0.000231,0.0,0.205899,0.999994,0.003531,8.118601,-0.003531,0.999994,-24.300154
4593,4181,1e-06,0.001033,1.459905,0.001033,1e-06,0.829814,-0.999088,-0.042692,51.66124,0.042692,-0.999088,68.925652
6019,4181,0.0,0.000274,4.967703,0.000274,0.0,0.102315,0.999812,-0.019386,49.295773,0.019386,0.999812,50.413185
4337,4297,0.000375,1e-06,0.570377,1e-06,0.000375,0.148702,-0.007829,0.999969,37.1707,-0.999969,-0.007829,90.169098
4933,4297,0.001095,9e-06,0.974313,9e-06,0.001095,0.157847,-0.007901,0.999969,43.056591,-0.999969,-0.007901,51.995602
5065,4297,0.000186,0.000101,0.185695,0.000101,0.000186,0.54223,0.596542,0.802582,24.837467,-0.802582,0.596542,4.555765
4933,4337,1.1e-05,0.001081,0.97058,0.001081,1.1e-05,0.094518,0.995117,-0.098702,39.89798,0.098702,0.995117,4.878139
6007,4593,0.000211,0.0,0.229747,0.0,0.000211,0.143143,0.004968,0.999988,39.816097,-0.999988,0.004968,63.643021
6019,4593,1.2e-05,0.000611,0.153281,0.000611,1.2e-05,0.887492,-0.984639,0.174601,1.968559,-0.174601,-0.984639,14.691115
4920,4723,2e-06,0.00133,0.785311,0.00133,2e-06,1.169055,-0.998095,-0.061699,58.007229,0.061699,-0.998095,45.572456
5065,4723,0.000646,3e-06,3.035743,3e-06,0.000646,0.142561,0.064844,-0.997895,25.049479,0.997895,0.064844,-31.554199
5551,4723,9e-06,0.001248,0.768447,0.001248,9e-06,2.59597,0.993092,0.117336,-30.51841,-0.117336,0.993092,30.754211
5791,4723,0.000477,2e-06,3.481775,2e-06,0.000477,3.463733,-0.074333,0.997233,-50.457428,-0.997233,-0.074333,146.411163
4933,4920,0.000218,0.000166,0.973647,0.000166,0.000218,0.070519,-0.619117,0.785299,71.670792,-0.785299,-0.619117,105.620544
5065,4920,5.7e-05,0.0,0.1519,0.0,5.7e-05,0.046143,0.001603,0.999999,28.071358,-0.999999,0.001603,78.911346
5065,4933,0.000222,0.000386,1.6015,0.000386,0.000222,0.140478,0.793607,-0.60843,47.655403,0.60843,0.793607,-17.523674
5069,5065,7.6e-05,0.0,0.130876,0.0,7.6e-05,0.019692,-0.026271,0.999655,34.066856,-0.999655,-0.026271,117.100647
5527,5065,0.000293,0.000283,0.076148,0.000283,0.000293,0.820017,0.710301,0.703898,1.426208,-0.703898,0.710301,88.35006
5551,5065,0.000241,0.0,0.274324,0.0,0.000241,0.031623,-0.035566,0.999367,57.876026,-0.999367,-0.035566,59.397346
5791,5065,0.0,0.000434,1.489987,0.000434,0.0,4.786551,-0.999656,0.02621,170.917236,-0.02621,-0.999656,90.777901
5527,5069,0.0005,0.000454,2.223238,0.000454,0.0005,0.059594,0.6694,-0.742902,30.62282,0.742902,0.6694,-31.92601
5551,5069,0.0,1.1e-05,0.004541,1.1e-05,0.0,0.005259,0.999785,-0.020718,57.496346,0.020718,0.999785,24.259897
5791,5069,0.000354,1e-06,2.85909,1e-06,0.000354,0.351885,0.039918,0.999203,24.362785,-0.999203,0.039918,138.716888
5869,5069,7.9e-05,0.000126,0.195608,0.000126,7.9e-05,1.764455,0.790532,0.612421,-60.017448,-0.612421,0.790532,70.643852
6200,5069,1.2e-05,0.000573,1.917985,0.000573,1.2e-05,0.320431,-0.994533,0.104424,45.846493,-0.104424,-0.994533,86.796471
7253,5527,0.0001,0.000506,0.716949,0.000506,0.0001,0.03905,-0.908392,0.41812,2.736538,-0.41812,-0.908392,48.904053
5791,5551,0.000554,1e-06,3.552694,1e-06,0.000554,2.125899,0.00064,1.0,-29.048496,-1.0,0.00064,115.864296
5869,5551,0.000105,0.000135,0.138008,0.000135,0.000105,4.049756,0.748443,0.663199,-114.382736,-0.663199,0.748443,54.178661
7009,5613,0.0,0.00031,0.238059,0.00031,0.0,0.101297,0.999832,-0.018323,73.44886,0.018323,0.999832,65.478371
7189,5613,0.000242,0.000164,0.118055,0.000164,0.000242,2.586525,-0.645188,0.764024,-56.077644,-0.764024,-0.645188,81.394814
5869,5791,9.4e-05,8e-05,2.51665,8e-05,9.4e-05,0.104306,0.676058,-0.736849,59.595592,0.736849,0.676058,-84.854034
6200,5791,5.3e-05,0.0,0.00423,0.0,5.3e-05,0.141922,0.050863,0.998706,52.033188,-0.998706,0.050863,19.721424
6200,5869,0.00025,0.000284,1.383821,0.000284,0.00025,0.235479,-0.731588,0.681746,74.34024,-0.681746,-0.731588,77.572479
6760,6738,0.000189,0.0,0.145149,0.0,0.000189,0.082303,0.042734,0.999086,23.856865,-0.999086,0.042734,32.014935
7009,6738,3.2e-05,0.001515,4.532362,0.001515,3.2e-05,2.144333,0.987206,0.159451,6.382051,-0.159451,0.987206,-43.181492
7467,6738,2e-06,1e-06,0.034932,1e-06,2e-06,0.002946,0.447251,0.894409,82.592094,-0.894409,0.447251,-86.480164
6738,6685,3e-06,0.001793,4.996855,0.001793,3e-06,0.977243,0.995957,-0.08983,77.954849,0.08983,0.995957,-33.612354
7146,6760,1.3e-05,0.000631,1.666584,0.000631,1.3e-05,1.14963,-0.989422,0.145066,92.420326,-0.145066,-0.989422,93.022041
7828,6760,0.000266,9e-06,0.030558,9e-06,0.000266,0.631551,-0.169944,-0.985454,85.089615,0.985454,-0.169944,50.250175
9573,6760,0.00046,8e-06,0.833083,8e-06,0.00046,0.861126,-0.11301,0.993594,-21.305359,-0.993594,-0.11301,98.145943
6760,6685,0.000813,1.2e-05,1.878739,1.2e-05,0.000813,0.08219,0.092261,0.995735,97.954323,-0.995735,0.092261,1.277592
7904,6859,6.3e-05,0.0,0.041335,0.0,6.3e-05,0.013756,0.059847,0.998208,45.550053,-0.998208,0.059847,19.686844
7189,7009,0.000108,8.5e-05,0.048921,8.5e-05,0.000108,1.180336,-0.669182,-0.743098,129.341934,0.743098,-0.669182,18.584412
7443,7086,2e-06,0.000362,0.558877,0.000362,2e-06,0.187024,0.998842,0.048119,44.335571,-0.048119,0.998842,17.535398
7689,7086,0.000984,0.000708,0.626862,0.000708,0.000984,4.301978,-0.687454,-0.726228,89.414764,0.726228,-0.687454,84.59079
7807,7086,0.000203,0.000243,1.608405,0.000243,0.000203,0.371269,0.703278,-0.710915,11.823128,0.710915,0.703278,-6.658051
9692,7086,1.2e-05,0.001031,4.577001,0.001031,1.2e-05,0.507009,-0.997997,-0.063268,30.874859,0.063268,-0.997997,113.286377
7386,7146,1e-06,3.7e-05,0.012312,3.7e-05,1e-06,0.031236,-0.98662,-0.163038,40.524994,0.163038,-0.98662,12.599257
7828,7146,0.000209,0.0,0.161543,0.0,0.000209,0.214065,0.024482,0.9997,13.107462,-0.9997,0.024482,41.164532
7146,6685,0.000841,7e-06,0.73881,7e-06,0.000841,3.596147,0.056571,-0.998399,182.064636,0.998399,0.056571,102.46022
7146,7046,0.0,0.000209,0.242584,0.000209,0.0,0.089343,-0.999567,-0.029416,71.780334,0.029416,-0.999567,81.876221
7467,7189,2e-06,0.00023,0.655351,0.00023,2e-06,0.588855,-0.999998,-0.001778,-9.058781,0.001778,-0.999998,60.868359
7842,7189,0.0,0.000493,0.221266,0.000493,0.0,0.585448,-0.999797,-0.020171,72.931007,0.020171,-0.999797,26.795528
7828,7386,0.002403,0.000135,4.692848,0.000135,0.002403,1.500649,-0.214106,-0.97681,30.706917,0.97681,-0.214106,-23.501156
7386,7046,7e-06,0.000431,0.103108,0.000431,7e-06,0.406354,0.994876,-0.101107,111.769363,0.101107,0.994876,67.401947
7471,7443,0.00017,1e-06,0.094316,1e-06,0.00017,0.509108,-0.003512,-0.999994,121.147278,0.999994,-0.003512,64.063995
7689,7443,0.000261,0.000149,0.087474,0.000149,0.000261,0.35028,-0.587978,-0.808877,44.557255,0.808877,-0.587978,61.881847
9464,7443,0.000185,0.0,0.331818,0.0,0.000185,0.292542,0.020399,-0.999792,67.152771,0.999792,0.020399,45.863678
9573,7467,0.001221,7e-06,1.320479,7e-06,0.001221,0.601493,0.061433,0.998111,82.443497,-0.998111,0.061433,91.565125
7575,7467,1e-06,0.000296,0.30383,0.000296,1e-06,0.392918,0.999162,0.040923,44.503769,-0.040923,0.999162,60.271454
9464,7471,0.0,0.00018,0.299235,0.00018,0.0,1.230577,0.999554,0.029862,-18.084908,-0.029862,0.999554,54.267014
7807,7689,0.000646,1e-06,3.374053,1e-06,0.000646,1.513893,-0.001424,0.999999,-9.954094,-0.999999,-0.001424,119.730843
9464,7689,0.000133,0.000213,0.547324,0.000213,0.000133,1.957203,0.774346,0.632762,-27.38401,-0.632762,0.774346,-6.617081
9692,7689,0.00072,0.00075,2.839718,0.00075,0.00072,0.831033,0.688256,-0.725468,63.370468,0.725468,0.688256,24.267437
7821,7807,0.00077,0.000937,0.523226,0.000937,0.00077,4.648517,0.73173,0.681595,9.811668,-0.681595,0.73173,100.997086
8078,7807,0.000374,0.0005,1.516277,0.0005,0.000374,3.663675,-0.737112,-0.675771,110.528427,0.675771,-0.737112,119.696426
8372,7807,0.00031,0.000174,2.948222,0.000174,0.00031,0.107188,-0.587593,0.809157,88.769653,-0.809157,-0.587593,165.972
9692,7807,0.000215,0.000219,0.206775,0.000219,0.000215,1.741486,-0.689593,-0.724197,96.472115,0.724197,-0.689593,71.51606
8078,7821,1e-06,0.000836,1.578038,0.000836,1e-06,0.960959,-0.999581,0.028961,59.183468,-0.028961,-0.999581,82.321991
8261,7821,4e-06,0.001198,0.43347,0.001198,4e-06,2.667362,0.999572,0.029253,-23.86245,-0.029253,0.999572,42.150585
8372,7821,0.000202,0.0,0.601545,0.0,0.000202,0.1978,0.027374,0.999625,20.692772,-0.999625,0.027374,105.117851
9692,7821,1e-06,0.000789,0.478894,0.000789,1e-06,2.470514,-0.998337,0.057652,80.683037,-0.057652,-0.998337,42.643627
9573,7828,6.2e-05,0.000471,0.68883,0.000471,6.2e-05,0.741665,-0.944186,-0.329414,67.655899,0.329414,-0.944186,94.225021
7828,7046,0.000438,0.0,0.332681,0.0,0.000438,0.104454,-0.017317,0.99985,84.971527,-0.99985,-0.017317,39.751499
7828,7575,0.000457,0.000191,0.198332,0.000191,0.000457,3.556021,-0.538013,-0.842936,151.256165,0.842936,-0.538013,24.517801
7842,7575,5e-06,0.000831,3.755949,0.000831,5e-06,0.305157,0.997779,-0.066617,39.981373,0.066617,0.997779,-25.256882
8261,8078,1e-06,0.000654,0.306635,0.000654,1e-06,0.857586,-0.999969,-0.007814,84.838837,0.007814,-0.999969,39.898842
8372,8078,0.000858,1e-06,2.056921,1e-06,0.000858,0.228589,-0.019669,-0.999807,39.491123,0.999807,-0.019669,-23.629074
9692,8078,2e-06,0.000469,0.431226,0.000469,2e-06,2.802329,0.997022,0.077114,-22.296715,-0.077114,0.997022,47.599255
8372,8261,0.000812,3e-06,0.85949,3e-06,0.000812,0.201516,0.019503,0.99981,44.912392,-0.99981,0.019503,62.534851
11336,8261,0.000167,0.0,0.415279,0.0,0.000167,0.108919,-0.03049,0.999535,24.136038,-0.999535,-0.03049,98.711922
11336,8372,4e-05,0.0009,1.488039,0.0009,4e-05,3.282418,0.96927,0.246001,-43.02729,-0.246001,0.96927,-7.822964
8815,8759,1e-06,0.000325,0.79195,0.000325,1e-06,0.382483,0.999165,0.040847,66.658401,-0.040847,0.999165,22.836926
8830,8759,0.000278,0.000308,0.125286,0.000308,0.000278,0.489536,-0.698204,-0.715899,83.530022,0.715899,-0.698204,114.79348
12742,8759,0.000257,0.000291,0.13678,0.000291,0.000257,0.584743,0.71669,0.697392,38.524239,-0.697392,0.71669,115.622078
8866,8815,0.0,0.000675,0.196641,0.000675,0.0,0.977434,0.99985,-0.017319,17.511768,0.017319,0.99985,81.62352
11892,8815,2e-06,0.001358,0.270731,0.001358,2e-06,0.655769,0.997558,-0.069847,62.135204,0.069847,0.997558,84.222855
12742,8815,0.00047,0.000645,0.139269,0.000645,0.00047,2.712332,0.748649,0.662966,-32.193504,-0.662966,0.748649,90.95475
12742,8830,7e-06,0.001062,0.408505,0.001062,7e-06,0.375038,-0.99988,-0.015505,32.204128,0.015505,-0.99988,30.715691
22376,8830,2e-06,0.000275,0.059012,0.000275,2e-06,0.284604,-0.995587,-0.093847,58.257412,0.093847,-0.995587,23.587427
11406,8866,0.000578,0.000629,3.455804,0.000629,0.000578,0.240949,-0.721061,0.692872,56.341125,-0.692872,-0.721061,91.597824
22733,8866,0.000591,1.5e-05,0.635249,1.5e-05,0.000591,0.793007,-0.163776,0.986498,-25.777897,-0.986498,-0.163776,63.186768
10953,8866,0.000454,0.000644,0.081836,0.000644,0.000454,0.822419,0.768848,0.639432,3.448204,-0.639432,0.768848,52.281891
9573,7575,0.000816,2.8e-05,0.162773,2.8e-05,0.000816,0.579651,0.168917,0.98563,35.953964,-0.98563,0.168917,31.509926
14085,10594,0.000557,0.000884,0.255073,0.000884,0.000557,1.821244,-0.775542,-0.631296,64.24514,0.631296,-0.775542,4.585115
15018,10594,0.000495,0.0,0.686036,0.0,0.000495,0.647017,0.030961,0.999521,-10.943745,-0.999521,0.030961,87.243584
11892,11406,0.000141,0.000192,0.202165,0.000192,0.000141,0.701817,-0.764757,-0.644319,68.558266,0.644319,-0.764757,59.081066
11406,10953,0.000321,0.0,0.417341,0.0,0.000321,0.090948,-0.016081,0.999871,11.453037,-0.999871,-0.016081,62.124794
11949,11892,0.000608,0.0,1.670496,0.0,0.000608,0.476135,-0.02535,0.999679,33.115673,-0.999679,-0.02535,94.155762
11892,10953,0.00028,0.000198,0.877383,0.000198,0.00028,0.548656,0.646455,-0.762952,69.557114,0.762952,0.646455,-6.679218
22376,12742,0.0,0.000561,0.330323,0.000561,0.0,0.908081,0.999657,0.026171,-25.347351,-0.026171,0.999657,5.209126
15074,14085,0.000364,1e-06,1.127497,1e-06,0.000364,0.312202,0.009347,0.999956,4.651592,-0.999956,0.009347,76.562004
15640,14085,0.00039,0.000479,0.181734,0.000479,0.00039,2.528196,0.760104,0.649801,-32.761765,-0.649801,0.760104,43.064026
22376,15018,6.7e-05,0.000434,0.256741,0.000434,6.7e-05,0.043139,-0.935723,0.352736,16.59495,-0.352736,-0.935723,42.245426
15244,15074,0.00081,0.000858,0.442448,0.000858,0.00081,3.957406,0.75906,0.65102,-5.728996,-0.65102,0.75906,72.408775
15640,15074,0.000235,0.000212,1.605394,0.000212,0.000235,0.076215,0.693631,-0.720331,30.26298,0.720331,0.693631,-37.190662
16324,15074,0.000755,1.3e-05,0.983289,1.3e-05,0.000755,0.156608,0.11146,-0.993769,27.966837,0.993769,0.11146,13.439314
15283,15244,0.000418,0.0,0.932959,0.0,0.000418,0.385595,0.006511,0.999979,6.853323,-0.999979,0.006511,96.008255
16324,15244,0.000821,0.000361,1.230162,0.000361,0.000821,2.244548,-0.525511,-0.850787,62.682224,0.850787,-0.525511,-23.898243
16793,15244,1e-06,0.00114,1.992586,0.00114,1e-06,2.564262,1.0,0.000153,-38.998055,-0.000153,1.0,-8.487507
18303,15283,0.00024,0.000265,0.125126,0.000265,0.00024,0.459009,0.726819,0.686829,-1.570044,-0.686829,0.726819,5.042469
22733,15283,0.000259,0.003221,1.71018,0.003221,0.000259,0.751487,-0.963101,-0.269139,28.065958,0.269139,-0.963101,41.619141
16324,15640,0.0,0.0,0.000481,0.0,0.0,1.1e-05,-0.525642,-0.850706,41.665409,0.850706,-0.525642,71.883652
16428,16324,0.002108,1.2e-05,3.144224,1.2e-05,0.002108,1.177224,0.073551,0.997291,22.472866,-0.997291,0.073551,74.252365
16793,16428,0.000192,0.000198,0.081476,0.000198,0.000192,0.579842,0.725021,0.688727,1.403034,-0.688727,0.725021,51.910736
17041,16428,0.00021,0.000208,0.126598,0.000208,0.00021,0.713273,-0.713393,-0.700764,62.423504,0.700764,-0.713393,50.319851
17494,16793,0.000873,5e-06,0.402462,5e-06,0.000873,0.376357,0.067912,-0.997691,25.349985,0.997691,0.067912,5.859798
17041,16793,0.0,0.000277,0.16914,0.000277,0.0,0.171729,-0.999486,-0.032049,45.678364,0.032049,-0.999486,40.319031
20266,17494,0.000842,1e-06,0.860004,1e-06,0.000842,0.199873,-0.006914,0.999976,31.118046,-0.999976,-0.006914,62.829876
17494,17041,0.000795,1e-06,0.184671,1e-06,0.000795,0.458857,0.055864,0.998438,16.870193,-0.998438,0.055864,33.346798
18101,17775,8.3e-05,0.0,0.471888,0.0,8.3e-05,0.119311,-0.000208,1.0,65.075676,-1.0,-0.000208,126.011963
22733,18303,0.000162,0.000345,0.347962,0.000345,0.000162,0.132399,-0.798782,0.601621,-7.766589,-0.601621,-0.798782,45.886417
18303,10953,0.005219,0.000731,2.226332,0.000731,0.005219,1.613592,-0.349491,-0.93694,22.464478,0.93694,-0.349491,-5.682022
20067,17041,0.000985,5e-06,1.336959,5e-06,0.000985,0.411847,-0.03776,0.999287,34.227097,-0.999287,-0.03776,83.858818
24666,20079,0.000172,0.0,0.019711,0.0,0.000172,0.217423,0.024623,-0.999697,68.48764,0.999697,0.024623,25.303581
20313,20079,0.000506,0.000448,0.177097,0.000448,0.000506,0.920183,-0.678881,-0.734249,53.638699,0.734249,-0.678881,40.487034
21550,20102,0.000292,0.000418,0.15563,0.000418,0.000292,4.331902,0.783215,0.621751,-37.502739,-0.621751,0.783215,62.819077
23213,20102,0.00054,0.000143,4.340867,0.000143,0.00054,0.023287,0.417364,-0.908739,21.667904,0.908739,0.417364,-62.84771
20102,18774,0.000993,1e-06,3.638108,1e-06,0.000993,0.482673,0.005122,0.999987,36.598923,-0.999987,0.005122,111.428246
21714,20102,0.001042,0.001709,0.158478,0.001709,0.001042,1.168384,-0.761598,-0.64805,37.296543,0.64805,-0.761598,46.425491
21596,21550,0.0,0.000255,0.172791,0.000255,0.0,0.080286,-0.999974,-0.007178,41.102371,0.007178,-0.999974,54.651169
21622,21550,0.000629,2e-06,1.856346,2e-06,0.000629,0.438182,-0.020604,-0.999788,40.272804,0.999788,-0.020604,-6.741596
21714,21550,3e-06,0.000507,0.340537,0.000507,3e-06,0.215816,-0.999967,-0.008162,68.299339,0.008162,-0.999967,33.142849
21622,21596,0.000245,0.0,0.336605,0.0,0.000245,0.248822,0.036619,0.999329,0.333141,-0.999329,0.036619,61.381866
21714,21596,3.9e-05,0.002603,0.935873,0.002603,3.9e-05,4.410004,0.993281,-0.11573,-25.334263,0.11573,0.993281,17.692213
21831,21596,0.001117,1e-06,0.144406,1e-06,0.001117,1.338569,-0.041905,-0.999122,69.925446,0.999122,-0.041905,30.150774
22962,21796,4e-06,0.000123,0.448366,0.000123,4e-06,1.479295,-0.982568,-0.185902,173.674744,0.185902,-0.982568,102.342606
23455,21796,0.000468,7e-06,0.436197,7e-06,0.000468,1.028163,0.119917,-0.992784,102.976547,0.992784,0.119917,58.502731
22128,21831,0.003006,3e-06,2.991008,3e-06,0.003006,1.70125,-0.020264,0.999795,29.862045,-0.999795,-0.020264,60.569847
22600,22128,0.000259,0.0,1.180333,0.0,0.000259,0.43523,0.001289,0.999999,-5.873058,-0.999999,0.001289,105.876274
23455,22962,0.000171,0.0,0.214226,0.0,0.000171,0.168091,0.025741,0.999669,61.747272,-0.999669,0.025741,57.561871
25218,22962,0.0,0.000192,0.391791,0.000192,0.0,0.524451,-0.99991,0.013403,94.038101,-0.013403,-0.99991,75.361816
23934,23213,3e-06,0.001121,0.958026,0.001121,3e-06,2.51181,0.999924,-0.012344,-27.592117,0.012344,0.999924,14.253033
24492,23213,1e-06,0.000662,0.136127,0.000662,1e-06,0.63089,0.995991,-0.089458,2.617847,0.089458,0.995991,44.947227
24666,23213,0.000616,0.000592,2.945216,0.000592,0.000616,0.122036,0.710479,-0.703719,55.923386,0.703719,0.710479,-32.90345
23213,20313,0.000243,1e-06,0.307083,1e-06,0.000243,0.174012,0.016379,0.999866,11.494373,-0.999866,0.016379,56.493248
23843,23455,0.000499,0.0,0.890733,0.0,0.000499,0.390959,-0.002216,0.999998,25.954157,-0.999998,-0.002216,102.072151
25218,23455,0.000629,0.0,0.199435,0.0,0.000629,1.996538,-0.007509,0.999972,-17.044395,-0.999972,-0.007509,33.452904
24061,23843,0.000445,0.000344,0.194709,0.000344,0.000445,1.303379,-0.671931,-0.740614,67.652252,0.740614,-0.671931,54.885902
24615,23843,0.000339,0.000465,1.35534,0.000465,0.000339,0.563015,0.771889,-0.635757,-6.883347,0.635757,0.771889,4.222881
36784,23843,0.000976,2e-05,1.971003,2e-05,0.000976,4.02648,0.180033,0.983661,-48.984089,-0.983661,0.180033,-27.630718
24492,23934,2e-06,0.000315,0.075675,0.000315,2e-06,0.118253,0.995904,-0.090421,29.997154,0.090421,0.995904,30.106464
24787,23934,0.001147,0.001708,0.464419,0.001708,0.001147,4.453599,0.791729,0.610872,-21.996277,-0.610872,0.791729,49.966366
27405,23934,0.001297,4.3e-05,2.765912,4.3e-05,0.001297,3.288767,-0.181658,0.983362,-39.836418,-0.983362,-0.181658,74.608505
24615,24061,0.00014,0.0,0.38099,0.0,0.00014,0.100105,0.036262,0.999342,8.007505,-0.999342,0.036262,88.085388
28779,24061,0.001594,9.5e-05,0.168897,9.5e-05,0.001594,3.258746,0.200782,0.979636,-2.013081,-0.979636,0.200782,7.315457
34259,24061,0.00032,0.000384,0.085898,0.000384,0.00032,0.537387,0.788674,0.614811,21.118694,-0.614811,0.788674,7.729923
36784,24061,0.0,0.0,0.000831,0.0,0.0,5e-06,0.887536,-0.460739,10.139013,0.460739,0.887536,-27.33638
24787,24553,0.001706,5e-06,0.655994,5e-06,0.001706,0.779533,-0.055979,0.998432,17.365986,-0.998432,-0.055979,31.214441
26244,24553,0.000651,7e-06,0.439016,7e-06,0.000651,0.139169,-0.173951,0.984754,39.944397,-0.984754,-0.173951,43.675926
27405,24553,0.000321,0.000567,1.051604,0.000567,0.000321,0.099802,-0.773391,0.633929,15.29906,-0.633929,-0.773391,57.815636
24813,24615,0.00023,0.000137,0.095916,0.000137,0.00023,0.469387,-0.642027,-0.766682,76.670204,0.766682,-0.642027,71.302422
29476,24615,0.00304,0.000939,1.50033,0.000939,0.00304,3.161069,0.545653,0.838011,26.713871,-0.838011,0.545653,75.00811
34259,24615,0.001107,0.000692,1.836132,0.000692,0.001107,0.760237,0.623468,-0.781849,81.832039,0.781849,0.623468,10.702606
39706,24615,0.000196,0.000314,0.07635,0.000314,0.000196,0.258216,0.788295,-0.615297,43.499977,0.615297,0.788295,60.400215
36784,24615,0.000351,0.000177,0.21807,0.000177,0.000351,2.739127,-0.595293,0.803509,-53.545029,-0.803509,-0.595293,13.679205
24666,18774,2e-06,0.000657,0.297271,0.000657,2e-06,0.594525,0.997286,-0.073623,0.37748,0.073623,0.997286,50.789707
24666,20313,0.000484,0.000598,0.28209,0.000598,0.000484,1.683778,0.804891,0.593423,-18.463017,-0.593423,0.804891,-6.53241
26244,24787,2e-06,0.000991,0.211804,0.000991,2e-06,0.954067,0.999212,0.039681,-12.655903,-0.039681,0.999212,19.084515
27405,24787,0.000605,0.000219,0.081739,0.000219,0.000605,2.364706,0.497622,0.867394,-28.756153,-0.867394,0.497622,5.049593
29476,24813,1e-05,0.00101,0.451727,0.00101,1e-05,0.495373,-0.998067,-0.062142,34.556206,0.062142,-0.998067,37.681992
39706,24813,0.000369,1e-06,0.083306,1e-06,0.000369,0.189951,-0.02659,0.999646,13.501297,-0.999646,-0.02659,32.695549
25507,25218,0.000763,2e-06,0.304765,2e-06,0.000763,0.318505,0.076018,-0.997106,59.263081,0.997106,0.076018,80.111847
25841,25218,3e-06,0.000849,0.588418,0.000849,3e-06,2.421335,0.999846,-0.017547,4.899086,0.017547,0.999846,66.123871
25841,25507,0.000534,1.1e-05,0.428568,1.1e-05,0.000534,1.15974,0.109295,0.994009,-19.210157,-0.994009,0.109295,52.421219
28168,25841,0.000148,0.00035,0.260593,0.00035,0.000148,0.289678,-0.850565,-0.525869,43.526978,0.525869,-0.850565,98.249207
33491,26244,0.000157,0.0,0.184716,0.0,0.000157,0.13454,0.024841,0.999691,-13.606024,-0.999691,0.024841,71.261139
28779,28168,0.000507,1e-06,1.013693,1e-06,0.000507,0.628424,-0.011086,0.999939,9.754862,-0.999939,-0.011086,88.463112
29279,28779,0.000299,0.000263,0.109692,0.000263,0.000299,0.772564,-0.688317,-0.72541,69.672043,0.72541,-0.688317,64.529427
34259,28779,0.000639,0.000643,1.09747,0.000643,0.000639,0.220014,0.663916,-0.747808,7.339682,0.747808,0.663916,21.426672
31344,29279,0.003287,1.1e-05,1.093285,1.1e-05,0.003287,2.676083,0.005316,0.999986,2.939369,-0.999986,0.005316,25.964993
31596,29279,0.001029,0.000611,1.407122,0.000611,0.001029,2.312525,-0.586692,-0.80981,54.934734,0.80981,-0.586692,-13.893143
34259,29279,0.000638,1e-06,0.832818,1e-06,0.000638,0.313688,-0.006393,0.99998,14.282579,-0.99998,-0.006393,77.068634
31740,29417,0.000803,2e-06,1.319146,2e-06,0.000803,1.642307,0.058024,0.998315,34.933765,-0.998315,0.058024,72.155838
35862,29417,3e-06,0.000253,0.342161,0.000253,3e-06,0.112709,0.991634,-0.129078,57.413486,0.129078,0.991634,41.231178
34259,29476,0.000476,0.000149,0.103299,0.000149,0.000476,1.170189,-0.495391,-0.86867,83.208801,0.86867,-0.495391,20.873394
31596,31344,0.00016,0.000185,0.510983,0.000185,0.00016,0.068096,-0.735769,0.677232,36.272522,-0.677232,-0.735769,54.87521
32358,31344,0.000162,0.001039,0.116452,0.001039,0.000162,1.670531,0.931578,0.363541,-3.887749,-0.363541,0.931578,36.254307
32358,31596,0.000507,0.000117,0.821203,0.000117,0.000507,0.62051,-0.439929,-0.898033,42.164948,0.898033,-0.439929,-13.461208
35862,31740,0.000444,0.0,1.001045,0.0,0.000444,0.172939,-0.057147,-0.998366,33.03194,0.998366,-0.057147,19.863201
41252,31740,0.0,0.000201,0.137054,0.000201,0.0,0.30017,1.0,0.000463,-10.389818,-0.000463,1.0,74.009155
32358,32103,1e-06,0.00084,1.618294,0.00084,1e-06,0.604966,-0.997242,0.074219,43.426544,-0.074219,-0.997242,71.857635
36817,33416,0.0,0.000299,0.357933,0.000299,0.0,0.063887,-0.999966,-0.008267,23.16679,0.008267,-0.999966,81.694229
37418,33416,0.000243,0.000367,0.033078,0.000367,0.000243,0.222304,-0.798532,-0.601953,28.0616,0.601953,-0.798532,37.060387
33416,29783,2e-06,0.000514,0.294358,0.000514,2e-06,0.443086,0.999657,0.026193,34.432384,-0.026193,0.999657,55.6017
33491,22600,0.001496,0.000239,0.783928,0.000239,0.001496,1.172404,-0.420782,0.907162,2.864216,-0.907162,-0.420782,48.231792
34071,33986,3e-06,0.000912,0.442585,0.000912,3e-06,0.818115,0.999998,0.00201,-3.748203,-0.00201,0.999998,38.308941
34161,33986,0.000595,0.0,0.877195,0.0,0.000595,0.433029,-0.001526,0.999999,34.268875,-0.999999,-0.001526,82.855507
39463,34071,0.000282,0.000263,0.153033,0.000263,0.000282,0.767757,-0.675451,-0.737405,58.258724,0.737405,-0.675451,46.356304
35862,34161,0.000151,0.000172,3.069318,0.000172,0.000151,0.246677,-0.722424,0.691451,-14.68008,-0.691451,-0.722424,133.27507
35864,34161,0.000759,0.000859,0.046573,0.000859,0.000759,1.209398,-0.695751,-0.718283,29.886482,0.718283,-0.695751,18.400692
45992,35862,0.002411,6e-06,1.390386,6e-06,0.002411,0.360089,-0.102988,0.994683,76.136726,-0.994683,-0.102988,69.981483
41252,35862,0.000731,3e-06,0.338104,3e-06,0.000731,0.141768,0.09663,0.99532,53.674126,-0.99532,0.09663,40.284271
39483,35864,0.0,0.000801,0.060836,0.000801,0.0,1.406109,0.99974,-0.022793,-18.651432,0.022793,0.99974,49.184978
45992,35864,2.5e-05,0.000918,0.422183,0.000918,2.5e-05,0.144629,0.982387,-0.186857,45.939274,0.186857,0.982387,24.592611
53676,35864,0.00047,0.000854,0.154169,0.000854,0.00047,1.539107,0.806151,0.59171,3.323109,-0.59171,0.806151,63.849285
39463,35864,0.000892,2e-06,0.539807,2e-06,0.000892,0.115203,0.050546,-0.998722,20.245712,0.998722,0.050546,24.609383
37418,36817,8.5e-05,0.000131,0.031982,0.000131,8.5e-05,0.259025,0.775603,0.631221,-4.633095,-0.631221,0.775603,45.290985
41408,36817,0.000129,0.000191,0.294076,0.000191,0.000129,0.069453,-0.762243,0.647291,45.084877,-0.647291,-0.762243,43.398872
36817,29783,0.0,3.1e-05,0.05119,3.1e-05,0.0,0.003298,-0.999934,0.011463,58.337868,-0.011463,-0.999934,137.40387
37320,36784,4.5e-05,0.0,0.024324,0.0,4.5e-05,0.024533,0.000663,1.0,16.207956,-1.0,0.000663,27.922211
41408,37418,0.000416,2e-05,0.194402,2e-05,0.000416,0.011731,-0.190842,0.981621,40.05022,-0.981621,-0.190842,30.083578
37418,29783,0.00048,0.000795,0.474737,0.000795,0.00048,1.078502,-0.765083,-0.643932,62.435799,0.643932,-0.765083,91.212914
53676,39483,0.000155,0.000212,0.033092,0.000212,0.000155,0.158059,0.741629,0.670811,22.994335,-0.670811,0.741629,16.352432
39483,39463,0.000482,1e-06,0.192179,1e-06,0.000482,0.145725,0.00615,0.999981,24.941486,-0.999981,0.00615,40.877342
39706,36784,5e-05,0.000679,0.191238,0.000679,5e-05,0.455685,-0.97627,0.216555,95.875801,-0.216555,-0.97627,48.993443
45209,41408,0.000321,0.000267,1.673104,0.000267,0.000321,0.613442,0.644093,-0.764947,77.532272,0.764947,0.644093,-18.977036
53676,41408,0.001752,0.000245,3.546701,0.000245,0.001752,1.279823,-0.32328,0.946303,-15.052601,-0.946303,-0.32328,77.690338
45992,41252,0.0,0.000373,0.131204,0.000373,0.0,0.531572,0.999998,-0.002115,-26.401085,0.002115,0.999998,18.089321
50402,48605,0.000575,0.000495,0.304214,0.000495,0.000575,0.446021,-0.695076,-0.718936,35.050873,0.718936,-0.695076,64.131027
52159,48605,6.7e-05,0.000166,0.057568,0.000166,6.7e-05,1.167979,-0.843304,-0.537437,116.629959,0.537437,-0.843304,31.850239
53702,48862,0.0006,1.4e-05,3.869923,1.4e-05,0.0006,1.376222,0.130735,-0.991417,70.836441,0.991417,0.130735,131.980927
50385,49378,0.000657,0.000314,0.17295,0.000314,0.000657,1.830917,0.683705,-0.729759,78.858215,0.729759,0.683705,4.50675
51172,49378,0.000675,0.000808,0.15729,0.000808,0.000675,1.829223,-0.736524,0.676411,11.479942,-0.676411,-0.736524,2.681965
51179,49378,9.4e-05,0.00011,0.214712,0.00011,9.4e-05,0.689064,-0.738299,-0.674474,81.17305,0.674474,-0.738299,-7.794306
51172,50385,4e-06,0.001165,0.869467,0.001165,4e-06,0.680495,-0.998738,0.050215,47.841362,-0.050215,-0.998738,47.338348
51179,50385,0.000139,0.0,0.388753,0.0,0.000139,0.162476,-0.00145,0.999999,8.380531,-0.999999,-0.00145,-10.375431
50983,50402,0.0,0.000453,0.615409,0.000453,0.0,0.801892,-0.999637,0.026923,81.690964,-0.026923,-0.999637,74.592957
50738,50402,0.000578,0.0,0.470477,0.0,0.000578,0.361034,0.077633,0.996982,-0.429976,-0.996982,0.077633,35.172699
50983,50738,0.000146,0.0,0.224989,0.0,0.000146,0.452962,-0.008276,0.999966,-36.376919,-0.999966,-0.008276,81.227768
51179,51172,0.001017,2e-06,1.091406,2e-06,0.001017,0.765115,0.141697,-0.98991,46.334038,0.98991,0.141697,53.940941
51913,51172,0.000126,0.0,0.106422,0.0,0.000126,0.016052,-0.011375,-0.999935,17.687281,0.999935,-0.011375,79.633377
53702,51172,1e-06,0.000295,0.122291,0.000295,1e-06,0.175651,0.999583,-0.028872,52.522667,0.028872,0.999583,37.758827
53702,51913,0.000213,0.0,0.612098,0.0,0.000213,0.214743,0.003465,-0.999994,42.479237,0.999994,0.003465,-33.930004
59289,59241,0.001373,0.001451,2.973667,0.001451,0.001373,4.163131,-0.711796,-0.702386,53.522163,0.702386,-0.711796,113.656464
67863,67658,0.000164,6.5e-05,0.88055,6.5e-05,0.000164,0.399194,-0.509401,-0.860529,90.973511,0.860529,-0.509401,88.493271
67695,67658,0.00014,5.9e-05,0.001246,5.9e-05,0.00014,1.4792,-0.556382,-0.830926,143.644547,0.830926,-0.556382,45.393425
67868,67853,0.0,0.000225,0.190897,0.000225,0.0,0.469977,-0.999598,-0.028346,76.724228,0.028346,-0.999598,43.235878
67868,67863,2.1e-05,0.000323,0.332431,0.000323,2.1e-05,1.919942,-0.96944,-0.245329,146.241745,0.245329,-0.96944,73.82933
68225,67868,0.0,0.000158,0.044899,0.000158,0.0,0.171252,0.999923,0.012427,40.603004,-0.012427,0.999923,18.654621
76500,75202,0.000504,1e-06,1.154423,1e-06,0.000504,0.264019,-0.004858,0.999988,41.003288,-0.999988,-0.004858,113.168411
76787,76697,0.000574,0.0,0.739327,0.0,0.000574,0.220949,0.019017,0.999819,81.148575,-0.999819,0.019017,92.618439
77112,76697,3.3e-05,0.0,0.063745,0.0,3.3e-05,0.016269,-0.009693,0.999953,52.289345,-0.999953,-0.009693,131.09404
78235,76697,0.0002,0.000184,1.202366,0.000184,0.0002,0.120484,-0.67949,0.733685,97.241058,-0.733685,-0.67949,142.559189
78543,76697,0.000674,0.000842,2.465095,0.000842,0.000674,0.661567,0.702536,-0.711649,97.781876,0.711649,0.702536,65.744156
78235,76787,7.1e-05,7.7e-05,0.037522,7.7e-05,7.1e-05,0.610629,0.726953,0.686687,-48.675774,-0.686687,0.726953,15.465614
78235,77112,5.1e-05,6.2e-05,0.036989,6.2e-05,5.1e-05,0.218622,0.722256,0.691626,-11.376862,-0.691626,0.722256,45.895111
78543,77112,0.000263,0.000274,0.163666,0.000274,0.000263,1.062224,-0.752026,-0.659133,64.386734,0.659133,-0.752026,48.061165
84567,77112,0.000516,0.000547,1.079115,0.000547,0.000516,0.199235,-0.689009,0.724752,-0.312283,-0.724752,-0.689009,43.75309
78543,78235,0.0,0.000318,0.342987,0.000318,0.0,0.362672,-0.999885,-0.015136,55.513485,0.015136,-0.999885,53.405685
78912,78543,0.001628,9e-06,1.832779,9e-06,0.001628,0.739762,0.07683,0.997044,38.799141,-0.997044,0.07683,93.529343
84567,78543,5.7e-05,0.0,0.040989,0.0,5.7e-05,0.024036,0.013063,-0.999915,44.607101,0.999915,0.013063,46.590271
88262,78543,6e-06,0.001105,0.091914,0.001105,6e-06,1.601593,0.99956,0.029665,-4.999672,-0.029665,0.99956,71.748207
84655,78912,0.000177,0.000154,0.774394,0.000154,0.000177,0.199417,-0.687079,0.726583,-10.76775,-0.726583,-0.687079,74.612381
88262,84567,6.2e-05,0.0,0.041519,0.0,6.2e-05,0.01337,0.011267,0.999937,23.824821,-0.999937,0.011267,49.825363
90031,89934,2e-06,0.001198,0.658011,0.001198,2e-06,0.380169,-0.999849,-0.01736,27.055172,0.01736,-0.999849,58.001499
90032,89934,0.000295,0.0,0.11832,0.0,0.000295,0.005528,-0.00339,-0.999994,18.125967,0.999994,-0.00339,21.190401
93631,89934,2e-06,0.001267,0.300545,0.001267,2e-06,0.492153,-0.998778,-0.04943,53.621353,0.04943,-0.998778,26.506901
90032,90031,0.000438,0.0,0.29299,0.0,0.000438,0.178889,-0.033906,0.999425,9.527491,-0.999425,-0.033906,37.518856
90086,90031,0.001756,1.1e-05,3.125846,1.1e-05,0.001756,1.238887,0.103002,0.994681,9.003031,-0.994681,0.103002,64.783356
90086,90032,1e-06,0.000246,0.317067,0.000246,1e-06,0.970893,0.998481,0.055094,-32.88203,-0.055094,0.998481,8.378551
91954,90032,4.1e-05,0.000174,2.200676,0.000174,4.1e-05,0.053987,-0.896375,-0.443297,37.927105,0.443297,-0.896375,128.089355
91758,90086,0.002245,0.000471,1.007356,0.000471,0.002245,2.107354,0.413845,-0.910348,88.286133,0.910348,0.413845,67.148972
91954,90086,9.5e-05,0.000327,2.774776,0.000327,9.5e-05,0.122106,-0.880988,-0.473138,71.93486,0.473138,-0.880988,122.555214
93234,90086,1.8e-05,0.000339,0.044065,0.000339,1.8e-05,0.77636,0.969767,-0.244032,85.741112,0.244032,0.969767,88.724098
93567,90086,0.000205,1.8e-05,2.640936,1.8e-05,0.000205,0.127305,-0.293981,-0.955811,40.091438,0.955811,-0.293981,175.579742
94387,90086,6e-06,0.000284,0.58808,0.000284,6e-06,0.542112,0.990741,-0.135769,-25.008465,0.135769,0.990741,-19.150215
91758,91391,0.002514,3e-06,2.659639,3e-06,0.002514,0.827472,-0.081075,0.996708,65.998665,-0.996708,-0.081075,80.304085
91954,91391,4e-06,0.000413,1.019829,0.000413,4e-06,1.866148,0.999982,0.006061,106.243927,-0.006061,0.999982,35.940468
91954,91758,0.001545,8e-06,1.180761,8e-06,0.001545,1.396521,-0.103933,-0.994584,40.231831,0.994584,-0.103933,44.651417
93234,91758,0.000598,0.000471,1.728859,0.000471,0.000598,0.221043,0.660835,0.750531,20.49761,-0.750531,0.660835,11.222176
93567,93234,0.000338,0.0,1.627957,0.0,0.000338,0.345653,-0.024283,0.999705,21.150324,-0.999705,-0.024283,94.058571
93827,93631,1e-06,0.000407,0.177517,0.000407,1e-06,0.328087,0.999612,0.027851,3.297901,-0.027851,0.999612,11.887578
94387,93631,0.000956,4e-06,1.210479,4e-06,0.000956,0.119272,-0.023903,0.999714,28.666885,-0.999714,-0.023903,60.335331
93844,93631,9.4e-05,0.0,0.583018,0.0,9.4e-05,0.094533,-0.026124,0.999659,-0.035744,-0.999659,-0.026124,110.973274
94387,93827,0.000517,0.0,0.596865,0.0,0.000517,0.13498,-0.042405,0.999101,25.439651,-0.999101,-0.042405,50.493786
93844,93827,0.000213,0.0,0.761818,0.0,0.000213,0.377352,0.001181,0.999999,-6.104725,-0.999999,0.001181,98.903023
94387,93844,3.8e-05,0.003454,1.508249,0.003454,3.8e-05,1.297454,0.994981,0.100063,47.711052,-0.100063,0.994981,32.529945
110270,110095,0.0,6.7e-05,0.114481,6.7e-05,0.0,0.434633,0.999958,-0.009197,-19.549706,0.009197,0.999958,52.476906
110422,110095,0.000683,2e-06,2.992995,2e-06,0.000683,0.724135,0.036821,0.999322,33.751087,-0.999322,0.036821,150.646454
114275,110095,0.000203,0.000154,0.755243,0.000154,0.000203,1.413556,0.650554,0.75946,5.020798,-0.75946,0.650554,156.675034
115469,110095,0.000168,0.000222,2.782718,0.000222,0.000168,0.247308,-0.754399,0.656417,115.62384,-0.656417,-0.754399,184.30423
110422,110270,0.000612,1e-06,1.623142,1e-06,0.000612,0.628832,0.007877,0.999969,54.54488,-0.999969,0.007877,98.321609
114275,110270,0.000179,0.00015,0.22363,0.00015,0.000179,1.363307,0.672623,0.739986,24.103889,-0.739986,0.672623,102.213577
115469,110270,0.000141,0.000176,1.397356,0.000176,0.000141,0.216988,-0.76308,0.646304,135.892212,-0.646304,-0.76308,130.622192
112481,110270,2.7e-05,2.3e-05,0.045438,2.3e-05,2.7e-05,0.387977,-0.677656,-0.735379,141.969635,0.735379,-0.677656,119.2948
112847,110270,0.000195,0.00023,0.123019,0.00023,0.000195,0.166231,0.73943,-0.673233,23.036385,0.673233,0.73943,92.541801
114275,110422,0.00012,0.000159,2.008317,0.000159,0.00012,0.404947,0.758231,-0.651985,-5.12059,0.651985,0.758231,-30.376282
115469,110422,0.000141,0.000102,0.078556,0.000102,0.000141,1.427491,0.633944,0.773379,-31.761833,-0.773379,0.633944,81.833687
111200,110422,1e-06,0.000298,0.422111,0.000298,1e-06,0.91616,-0.999347,-0.036126,108.333481,0.036126,-0.999347,117.065567
112481,110422,0.000152,0.000227,1.573517,0.000227,0.000152,0.517451,-0.740041,0.672562,-19.830856,-0.672562,-0.740041,87.095032
110955,110915,0.001056,5e-06,0.921995,5e-06,0.001056,4.853687,0.060086,0.998193,-33.367783,-0.998193,0.060086,52.988762
111128,110915,2e-06,0.000544,0.272246,0.000544,2e-06,1.287403,0.998382,-0.056863,28.255486,0.056863,0.998382,58.507702
111128,110955,0.000566,1e-06,0.53285,1e-06,0.000566,3.057477,-0.01292,0.999917,2.13205,-0.999917,-0.01292,62.888222
112068,110955,4e-06,0.000434,0.266272,0.000434,4e-06,0.203506,0.995794,0.091625,79.944626,-0.091625,0.995794,76.62738
111668,111128,0.000147,0.0,0.510145,0.0,0.000147,0.154252,-0.002594,0.999997,59.412201,-0.999997,-0.002594,148.930603
111703,111128,0.000434,1e-06,0.497027,1e-06,0.000434,0.278471,0.012623,0.99992,88.001923,-0.99992,0.012623,93.818748
112068,111128,0.000193,0.0,0.105067,0.0,0.000193,0.670378,-0.021238,0.999774,13.786148,-0.999774,-0.021238,80.248413
112177,111128,0.000176,0.0,0.251186,0.0,0.000176,0.107898,0.022075,0.999756,85.288055,-0.999756,0.022075,71.417854
112278,111128,1e-05,0.003785,4.718163,0.003785,1e-05,0.030582,0.993631,-0.112682,108.287994,0.112682,0.993631,44.146538
111703,111668,1.5e-05,0.000936,1.062781,0.000936,1.5e-05,0.110975,0.989251,-0.146226,58.557446,0.146226,0.989251,27.75724
112068,111668,0.0,0.000601,3.496904,0.000601,0.0,1.029482,0.999998,0.001898,70.052765,-0.001898,0.999998,-44.487198
112278,111668,0.000261,5e-06,0.091811,5e-06,0.000261,0.853503,-0.106824,-0.994278,105.245171,0.994278,-0.106824,49.167145
112177,111703,1e-06,0.000443,0.975751,0.000443,1e-06,0.149616,0.999851,-0.017275,22.427567,0.017275,0.999851,-3.015102
112278,111703,0.000142,0.0,0.154341,0.0,0.000142,0.126335,-0.01206,-0.999927,50.436722,0.999927,-0.01206,16.478748
112278,112177,0.000798,2e-06,1.129147,2e-06,0.000798,0.157626,-0.071335,-0.997452,30.648481,0.997452,-0.071335,19.989822
114275,112543,0.000462,0.0,0.120369,0.0,0.000462,1.771193,0.01309,0.999914,-7.429741,-0.999914,0.01309,20.270378
112543,112481,4.6e-05,0.0,0.134339,0.0,4.6e-05,0.104353,-0.002342,0.999997,46.210106,-0.999997,-0.002342,91.061867
112847,112543,0.0,8e-06,0.032772,8e-06,0.0,0.04543,1.0,-0.000596,-14.877373,0.000596,1.0,13.973076
112991,112543,0.0,9e-05,0.018604,9e-05,0.0,0.309546,-0.99999,0.004432,132.136444,-0.004432,-0.99999,37.301739
115469,114275,3.6e-05,0.0,0.066429,0.0,3.6e-05,0.058305,0.007195,0.999974,51.664318,-0.999974,0.007195,101.127243
114275,112481,1e-06,0.000518,1.239028,0.000518,1e-06,0.632813,-0.999994,0.003565,67.297783,-0.003565,-0.999994,98.449966
114275,112991,0.000599,1e-06,0.536755,1e-06,0.000599,3.456075,0.006505,-0.999979,138.97142,0.999979,0.006505,14.943357
115469,111200,0.000119,0.000113,0.150799,0.000113,0.000119,2.10036,-0.674323,-0.738437,138.185104,0.738437,-0.674323,41.970093
115469,112481,0.001192,1e-06,3.757005,1e-06,0.001192,0.09096,0.060244,-0.998184,11.648611,0.998184,0.060244,-3.00354
123107,119893,0.000308,5e-06,0.608138,5e-06,0.000308,1.045979,0.107091,0.994249,-30.117336,-0.994249,0.107091,131.608841
124372,119893,0.000181,5e-06,1.498717,5e-06,0.000181,1.436988,0.158938,0.987289,-37.835312,-0.987289,0.158938,170.735962
120999,119893,0.0002,1.7e-05,2.441962,1.7e-05,0.0002,0.186667,-0.280149,0.959957,49.161167,-0.959957,-0.280149,207.851318
123107,121864,2e-06,0.000178,0.089549,0.000178,2e-06,0.513154,0.991116,-0.133002,-47.775223,0.133002,0.991116,16.385408
123244,121864,1e-06,0.000512,0.216337,0.000512,1e-06,0.389197,-0.999995,-0.003243,43.986603,0.003243,-0.999995,40.597702
122809,122489,2e-06,0.000467,0.887138,0.000467,2e-06,1.098119,0.998096,-0.061673,-30.346722,0.061673,0.998096,-12.032303
123054,122489,0.000188,0.00018,0.116238,0.00018,0.000188,0.506865,-0.708088,-0.706124,51.909836,0.706124,-0.708088,48.577652
124372,122489,5.6e-05,4.4e-05,0.327794,4.4e-05,5.6e-05,0.179485,0.695929,-0.71811,-19.564941,0.71811,0.695929,3.931648
123054,122809,0.000307,0.000229,0.181361,0.000229,0.000307,1.755707,-0.650831,-0.759223,85.817825,0.759223,-0.650831,54.592426
124372,122809,0.000235,0.000255,0.747597,0.000255,0.000235,0.109465,0.71745,-0.69661,13.223904,0.69661,0.71745,14.473076
123107,123054,0.000301,0.0,0.131164,0.0,0.000301,0.309423,-0.006154,0.999981,20.064051,-0.999981,-0.006154,41.042515
124372,123054,0.000174,0.0,0.388084,0.0,0.000174,0.277064,0.038223,0.999269,17.670765,-0.999269,0.038223,81.334152
123244,123107,1.4e-05,0.001227,0.065297,0.001227,1.4e-05,2.661397,-0.992382,-0.1232,94.923233,0.1232,-0.992382,11.524109
124372,123107,0.0,0.000123,0.227609,0.000123,0.0,0.821071,0.999535,-0.030502,-40.546814,0.030502,0.999535,-1.748674
123578,123244,0.00064,2e-06,0.794554,2e-06,0.00064,0.386291,0.020545,0.999789,6.50054,-0.999789,0.020545,88.633865
123586,123579,0.000245,3e-06,1.788706,3e-06,0.000245,0.088208,0.094627,-0.995513,23.466209,0.995513,0.094627,-62.941078
124006,123579,0.000255,0.0,0.268918,0.0,0.000255,0.108272,0.012831,0.999918,21.466484,-0.999918,0.012831,2.466531
125904,123579,1e-06,0.000233,0.081271,0.000233,1e-06,0.387287,0.998576,-0.053355,67.118553,0.053355,0.998576,24.258453
123579,123001,0.00052,1e-06,0.3539,1e-06,0.00052,0.0022,0.011909,-0.999929,16.553782,0.999929,0.011909,52.589405
123579,123099,0.0,0.0,3.6e-05,0.0,0.0,0.001291,-0.346705,-0.937974,54.904541,0.937974,-0.346705,8.532902
123596,123586,0.000168,0.0,0.273742,0.0,0.000168,0.157494,-0.023307,0.999728,76.001678,-0.999728,-0.023307,124.798714
125904,123586,0.000808,2e-05,3.111093,2e-05,0.000808,0.113893,0.184284,0.982873,93.67215,-0.982873,0.184284,-34.671707
126166,123586,0.001176,2.1e-05,2.582717,2.1e-05,0.001176,1.240987,-0.122223,-0.992503,111.413902,0.992503,-0.122223,152.16394
126348,123586,0.000543,1.9e-05,0.239576,1.9e-05,0.000543,0.190704,0.139048,0.990286,74.204391,-0.990286,0.139048,82.955048
123586,123001,0.0,0.000116,0.154737,0.000116,0.0,0.327988,-1.0,-9.8e-05,78.902542,9.8e-05,-1.0,82.221222
123586,123099,1e-06,0.000458,0.213849,0.000458,1e-06,1.82018,-0.996132,0.087875,-43.406078,-0.087875,-0.996132,26.09749
123838,123586,0.0,4.8e-05,0.223457,4.8e-05,0.0,0.429901,0.999413,-0.03425,-48.950569,0.03425,0.999413,20.580856
126170,123586,4e-05,6e-06,0.138208,6e-06,4e-05,0.39824,-0.366393,-0.93046,210.443817,0.93046,-0.366393,-2.621376
126166,123596,6e-06,0.000235,0.084183,0.000235,6e-06,0.771203,-0.987529,0.157438,-29.725304,-0.157438,-0.987529,35.513786
126348,123596,1.2e-05,0.000477,0.39198,0.000477,1.2e-05,0.246864,0.98203,-0.188723,42.699417,0.188723,0.98203,-0.048296
123861,123636,0.0001,0.000318,0.837885,0.000318,0.0001,2.192058,0.879629,-0.475661,120.936607,0.475661,0.879629,-15.521996
125904,123636,0.000246,0.000171,1.442329,0.000171,0.000246,0.223786,-0.64816,0.761504,10.099092,-0.761504,-0.64816,144.790894
125904,124006,0.0003,1e-06,0.212877,1e-06,0.0003,0.19827,-0.025837,0.999666,20.780468,-0.999666,-0.025837,45.742466
124006,123099,0.0,3.7e-05,0.012178,3.7e-05,0.0,0.010609,0.99977,0.021462,22.201889,-0.021462,0.99977,23.770321
124372,118813,0.000217,1.4e-05,1.94949,1.4e-05,0.000217,1.410063,-0.259633,0.965707,-52.71981,-0.965707,-0.259633,146.249664
126166,124520,0.001104,0.000355,0.145831,0.000355,0.001104,1.820721,-0.677533,0.735493,3.15918,-0.735493,-0.677533,63.439335
126170,125307,4e-06,0.000509,0.19312,0.000509,4e-06,1.443924,-0.994106,-0.108413,83.74514,0.108413,-0.994106,32.628773
126645,125683,0.000646,4e-06,0.64893,4e-06,0.000646,1.490807,0.077479,-0.996994,83.923294,0.996994,0.077479,13.616258
130213,125683,8e-06,0.000623,0.68884,0.000623,8e-06,1.178505,0.997178,-0.075076,-36.874317,0.075076,0.997178,1.408792
126348,126166,0.0,0.000406,0.362787,0.000406,0.0,0.478402,-0.999195,-0.040126,65.296799,0.040126,-0.999195,45.294666
127067,126645,0.000197,0.0,0.202555,0.0,0.000197,0.033404,-0.012127,0.999926,41.578018,-0.999926,-0.012127,86.067619
126645,126170,0.000313,0.000129,0.416378,0.000129,0.000313,1.654444,0.513195,0.858272,-20.38784,-0.858272,0.513195,105.957878
127661,127067,0.000225,0.000261,0.037932,0.000261,0.000225,0.214056,-0.745381,-0.666639,34.050308,0.666639,-0.745381,34.978195
130595,127067,0.000206,0.00021,0.249806,0.00021,0.000206,0.063692,0.709007,-0.705202,-4.315299,0.705202,0.709007,2.310207
127067,126170,0.000533,0.001379,3.180292,0.001379,0.000533,0.382761,-0.850202,0.526456,73.83902,-0.526456,-0.850202,116.567978
130595,127661,9.4e-05,0.0,0.090461,0.0,9.4e-05,0.040958,-0.061473,0.998109,6.95332,-0.998109,-0.061473,49.960175
128049,127761,0.000454,1e-06,0.17599,1e-06,0.000454,0.15805,0.011466,0.999934,71.568268,-0.999934,0.011466,58.301414
128146,127761,0.000453,6.6e-05,0.755384,6.6e-05,0.000453,0.554092,0.375423,0.926853,56.068008,-0.926853,0.375423,113.344887
128049,126170,1.2e-05,0.000563,0.286318,0.000563,1.2e-05,1.105509,0.992367,-0.123322,132.967819,0.123322,0.992367,23.226366
128788,128146,3.8e-05,0.0,0.105421,0.0,3.8e-05,0.039886,0.001079,0.999999,11.900787,-0.999999,0.001079,104.921165
130816,128146,0.000507,9.2e-05,2.508238,9.2e-05,0.000507,3.029372,0.411415,0.911448,-39.078262,-0.911448,0.411415,129.006622
128146,127464,0.0,8.7e-05,0.113682,8.7e-05,0.0,0.04498,-1.0,-0.000804,43.950706,0.000804,-1.0,62.046143
130816,128788,3.6e-05,0.00018,1.348139,0.00018,3.6e-05,0.529085,0.911515,-0.411267,-24.279652,0.411267,0.911515,-50.86998
130213,129374,0.000513,1e-06,0.187693,1e-06,0.000513,0.493075,0.064859,0.997894,22.067314,-0.997894,0.064859,58.668045
132394,130816,1.6e-05,0.000665,0.995068,0.000665,1.6e-05,0.35902,-0.993262,0.11589,92.86541,-0.11589,-0.993262,134.897644
130816,127464,0.0,0.0,0.00088,0.0,0.0,0.000356,-0.308679,-0.951166,74.882568,0.951166,-0.308679,-73.65477
130816,129374,6e-06,0.0,0.031914,0.0,6e-06,0.064325,0.144382,-0.989522,183.054398,0.989522,0.144382,-27.95665
132394,129374,0.002179,8e-06,1.56829,8e-06,0.002179,0.414752,-0.034082,0.999419,62.799461,-0.999419,-0.034082,82.335419
133669,133008,0.000218,0.0,0.104545,0.0,0.000218,0.146663,0.013743,0.999906,21.950783,-0.999906,0.013743,50.887398
133079,133008,0.0011,5e-06,1.554596,5e-06,0.0011,0.472589,-0.044882,0.998992,49.772038,-0.998992,-0.044882,87.029297
133198,133185,6.4e-05,0.0,0.103325,0.0,6.4e-05,0.036748,0.009088,0.999959,0.857914,-0.999959,0.009088,75.602875
133350,133185,0.0003,0.000401,0.273307,0.000401,0.0003,3.208476,0.769041,-0.639199,111.817345,0.639199,0.769041,49.660244
134100,133185,0.000306,0.000335,2.552484,0.000335,0.000306,0.296458,-0.722085,-0.691805,4.236301,0.691805,-0.722085,90.692352
134119,133185,0.002182,0.001411,3.351622,0.001411,0.002182,1.035278,-0.535967,0.844239,-0.369537,-0.844239,-0.535967,41.272385
134483,133185,0.000505,0.00059,0.745883,0.00059,0.000505,2.32397,-0.710076,-0.704125,61.086353,0.704125,-0.710076,44.096699
133185,133079,0.000266,0.00032,0.063506,0.00032,0.000266,0.790116,0.738577,0.674169,-0.591446,-0.674169,0.738577,51.402931
133350,133198,0.000334,0.000242,2.775232,0.000242,0.000334,0.059413,-0.623314,-0.781972,28.655891,0.781972,-0.623314,111.362488
134100,133198,0.000662,0.000758,0.313652,0.000758,0.000662,3.190679,-0.718518,0.695508,-15.69062,-0.695508,-0.718518,5.549959
134483,133198,0.000408,0.000467,1.628371,0.000467,0.000408,0.120285,-0.714831,0.699297,32.083553,-0.699297,-0.714831,60.751602
134528,133198,0.000189,0.000193,1.069838,0.000193,0.000189,0.162054,0.726717,0.686937,-4.72353,-0.686937,0.726717,-28.731499
133198,133079,0.0,0.0,0.002635,0.0,0.0,0.000659,-0.637128,0.770758,48.750839,-0.770758,-0.637128,107.029633
133339,133226,0.0,0.000296,0.136272,0.000296,0.0,1.036067,0.999726,0.023399,-33.485565,-0.023399,0.999726,60.53101
133669,133226,1.7e-05,0.00068,0.426426,0.00068,1.7e-05,1.393498,0.985554,0.169363,126.88176,-0.169363,0.985554,40.523159
133785,133226,0.002072,9.5e-05,4.524528,9.5e-05,0.002072,0.381348,-0.273928,0.96175,46.883648,-0.96175,-0.273928,123.531891
133467,133339,0.002371,0.002463,0.510911,0.002463,0.002371,1.625035,-0.002222,0.999998,32.909111,-0.999998,-0.002222,49.015171
133593,133339,8e-06,0.001329,0.815302,0.001329,8e-06,0.323903,0.999867,0.016292,47.917557,-0.016292,0.999867,22.583469
134100,133350,7.6e-05,1e-06,0.220989,1e-06,7.6e-05,0.031151,-0.107394,0.994217,56.471558,-0.994217,-0.107394,99.85936
133593,133467,0.000328,1e-06,0.097113,1e-06,0.000328,0.435245,-0.051971,0.998649,-27.068626,-0.998649,-0.051971,16.651779
136033,133467,0.000304,1.6e-05,0.207226,1.6e-05,0.000304,0.454844,0.215475,-0.976509,79.260979,0.976509,0.215475,55.552853
133785,133593,0.000505,3e-06,0.287941,3e-06,0.000505,0.153855,-0.129166,0.991623,26.045174,-0.991623,-0.129166,43.240982
134252,133669,0.000158,2e-06,0.348309,2e-06,0.000158,0.068973,-0.090718,0.995877,16.967365,-0.995877,-0.090718,101.326401
133669,133079,4.1e-05,0.001816,2.703005,0.001816,4.1e-05,0.720391,0.993634,-0.112654,40.15667,0.112654,0.993634,-25.006882
134252,133785,5e-05,0.000972,1.833695,0.000972,5e-05,2.76669,-0.982842,0.184447,-37.50285,-0.184447,-0.982842,76.671997
134483,134100,0.0,0.000367,0.852991,0.000367,0.0,0.714678,0.999684,0.02515,71.712944,-0.02515,0.999684,-7.997185
134528,134100,0.000439,3e-06,0.198271,3e-06,0.000439,0.674586,-0.077215,0.997014,-16.205029,-0.997014,-0.077215,33.217644
134100,133079,0.001055,3e-06,4.690047,3e-06,0.001055,1.979719,-0.078783,-0.996892,62.600842,0.996892,-0.078783,115.942787
134397,134119,0.000168,0.0,0.232793,0.0,0.000168,0.017171,-0.009336,0.999956,33.739964,-0.999956,-0.009336,-18.173376
134483,134119,0.000718,2e-06,0.432519,2e-06,0.000718,3.285113,-0.009935,0.999951,-38.522804,-0.999951,-0.009935,39.934456
134119,133079,0.000118,0.001344,2.625069,0.001344,0.000118,0.181749,-0.953142,0.302524,25.906094,-0.302524,-0.953142,82.285431
134397,134252,0.0,0.000103,0.051403,0.000103,0.0,0.139742,0.999956,-0.00933,-20.691086,0.00933,0.999956,11.908041
134483,134252,1e-06,0.000722,3.8839,0.000722,1e-06,0.543527,0.998446,-0.055731,40.988373,0.055731,0.998446,-58.988625
134252,133079,0.001055,0.000136,2.476946,0.000136,0.001055,0.115395,-0.302092,-0.953279,5.291392,0.953279,-0.302092,73.291473
134483,134397,0.0,0.000157,1.22324,0.000157,0.0,0.191385,0.999451,-0.033128,59.883373,0.033128,0.999451,-71.745224
134528,134483,0.00031,0.0,0.193918,0.0,0.00031,0.249609,-0.021341,-0.999772,89.165062,0.999772,-0.021341,37.746017
134644,134483,0.000157,0.0,0.856233,0.0,0.000157,0.255702,0.013547,0.999908,53.717274,-0.999908,0.013547,149.437881
134773,134483,0.000346,4e-06,1.571462,4e-06,0.000346,0.62211,-0.11578,-0.993275,114.903236,0.993275,-0.11578,181.395294
135164,134483,2e-06,0.000544,2.314819,0.000544,2e-06,3.182145,0.998931,0.04622,173.037994,-0.04622,0.998931,-19.635571
134483,133079,0.001226,4.1e-05,0.052494,4.1e-05,0.001226,4.080712,-0.176642,-0.984275,74.849319,0.984275,-0.176642,49.231995
134773,134644,1.1e-05,0.000601,0.442354,0.000601,1.1e-05,2.244147,-0.989427,0.145032,-32.467232,-0.145032,-0.989427,57.554001
136033,134773,2e-06,0.000661,0.127608,0.000661,2e-06,0.533816,0.999603,0.028177,48.61692,-0.028177,0.999603,49.342545
142041,141857,0.000434,1e-06,0.14641,1e-06,0.000434,0.244138,0.028949,0.999581,28.404142,-0.999581,0.028949,36.311974
142081,142041,0.001543,1e-06,1.987046,1e-06,0.001543,0.552741,-0.000643,1.0,21.134502,-1.0,-0.000643,74.969398
142346,142041,0.000346,0.000411,2.554509,0.000411,0.000346,0.563422,-0.715699,0.698409,69.184494,-0.698409,-0.715699,91.199097
142346,142081,0.000235,0.00027,0.146899,0.00027,0.000235,1.128513,0.715542,0.69857,-17.179176,-0.69857,0.715542,47.397568
145513,142081,0.000292,0.001006,0.419299,0.001006,0.000292,0.067137,-0.890148,0.455671,9.818987,-0.455671,-0.890148,35.569683
143510,142346,0.002207,0.000127,0.329187,0.000127,0.002207,3.044312,-0.018705,0.999825,27.880417,-0.999825,-0.018705,41.467815
144203,142346,0.0,0.000137,0.033828,0.000137,0.0,0.138272,0.99987,-0.01612,62.486664,0.01612,0.99987,41.158699
144308,142346,0.0,0.000307,0.195239,0.000307,0.0,0.106531,-0.999997,-0.002323,37.773548,0.002323,-0.999997,50.623127
146581,142346,0.000164,2.2e-05,1.052866,2.2e-05,0.000164,0.548158,0.329808,0.944048,-45.53376,-0.944048,0.329808,-32.682556
144084,143231,0.000205,0.0,0.506663,0.0,0.000205,0.128672,0.040674,0.999173,15.395352,-0.999173,0.040674,61.634048
144203,143231,0.0,0.000362,1.077782,0.000362,0.0,1.285404,0.999426,0.033864,-34.746368,-0.033864,0.999426,-29.359329
143231,142896,0.000302,0.000223,0.107394,0.000223,0.000302,1.040779,-0.64692,-0.762558,77.778473,0.762558,-0.64692,70.93367
144203,143510,0.000906,1e-06,0.421069,1e-06,0.000906,1.0655,0.057422,0.99835,-1.107704,-0.99835,0.057422,32.226891
144203,144084,0.000527,0.00039,4.885713,0.00039,0.000527,0.011688,-0.628842,-0.777533,47.545738,0.777533,-0.628842,77.615883
144084,142896,0.000184,0.000235,0.292955,0.000235,0.000184,0.086322,0.757985,-0.652271,19.311161,0.652271,0.757985,43.04768
145768,144084,0.000318,9.8e-05,0.077109,9.8e-05,0.000318,0.244155,0.464809,0.885411,51.4491,-0.885411,0.464809,44.040565
146581,144160,5.7e-05,0.000861,0.086205,0.000861,5.7e-05,3.357476,0.959003,0.283396,-29.085152,-0.283396,0.959003,72.649902
145768,144160,0.000328,0.000125,0.063618,0.000125,0.000328,0.727723,-0.496868,-0.867826,86.109711,0.867826,-0.496868,86.565872
144203,142896,0.000167,0.000211,0.097988,0.000211,0.000167,1.245689,-0.742806,-0.669507,122.266945,0.669507,-0.742806,75.643745
144236,144208,0.0,0.000251,0.65756,0.000251,0.0,0.198083,-0.999846,-0.017546,43.733295,0.017546,-0.999846,71.664192
144361,144208,0.000939,3e-06,2.657691,3e-06,0.000939,1.170459,-0.003664,0.999993,5.996346,-0.999993,-0.003664,103.700592
144873,144208,0.000781,1e-06,0.393001,1e-06,0.000781,0.126811,0.049574,-0.99877,29.045155,0.99877,0.049574,42.129807
145513,144208,0.000545,0.000356,1.364517,0.000356,0.000545,0.153878,-0.577891,0.816114,67.652695,-0.816114,-0.577891,90.078178
145557,144208,6.4e-05,0.000166,0.044743,0.000166,6.4e-05,1.002844,-0.84265,-0.538462,123.656158,0.538462,-0.84265,42.852783
144243,144236,0.000288,1e-06,0.489429,1e-06,0.000288,0.209672,0.023619,0.999721,30.115229,-0.999721,0.023619,54.666771
144365,144236,2e-06,0.000992,0.309316,0.000992,2e-06,3.342046,-0.999986,0.005214,111.789642,-0.005214,-0.999986,33.053215
144873,144236,0.000218,0.0,0.332561,0.0,0.000218,0.286129,0.000477,1.0,15.196709,-1.0,0.000477,29.634701
144365,144243,0.000109,0.0,0.222168,0.0,0.000109,0.112846,-0.000953,1.0,23.159271,-1.0,-0.000953,80.991272
144873,144243,0.0,0.000572,1.533751,0.000572,0.0,0.193666,0.999503,0.031531,25.403774,-0.031531,0.999503,-15.915031
144361,144308,0.000612,0.000151,0.072624,0.000151,0.000612,1.629603,-0.388054,-0.921637,75.022842,0.921637,-0.388054,52.06258
145768,144308,5.2e-05,0.000167,0.534585,0.000167,5.2e-05,0.161413,0.881647,0.471909,75.044724,-0.471909,0.881647,-32.395241
144365,144361,0.00031,2e-06,2.381644,2e-06,0.00031,0.310318,0.086555,-0.996247,53.623146,0.996247,0.086555,-75.43177
145513,144361,0.00033,0.000479,0.076872,0.000479,0.00033,0.875435,0.790058,0.613032,13.262177,-0.613032,0.790058,63.591858
145557,144361,0.000363,0.000171,2.122429,0.000171,0.000363,0.031041,-0.567324,0.823494,62.497684,-0.823494,-0.567324,117.579773
146581,144361,1.8e-05,0.000611,1.800222,0.000611,1.8e-05,0.085881,0.988402,0.15186,18.916637,-0.15186,0.988402,-21.437439
146581,144365,0.002486,0.000746,2.872548,0.000746,0.002486,0.315947,0.004117,0.999992,52.435474,-0.999992,0.004117,36.837143
145557,145513,0.00016,0.0,0.256994,0.0,0.00016,0.084635,0.049836,0.998757,5.979898,-0.998757,0.049836,72.954315
149405,145628,0.000421,1e-06,0.852162,1e-06,0.000421,0.134623,-0.044037,0.99903,39.953163,-0.99903,-0.044037,104.475052
149401,145628,1e-06,0.00086,1.117229,0.00086,1e-06,0.27013,-0.999998,0.002146,64.658051,-0.002146,-0.999998,100.691223
152342,145628,0.00054,8e-06,0.040748,8e-06,0.00054,0.278763,-0.148157,-0.988964,51.538807,0.988964,-0.148157,60.004288
152578,145835,0.000392,0.000681,1.388628,0.000681,0.000392,0.062775,-0.819393,0.573232,30.321419,-0.573232,-0.819393,49.801937
147274,146090,7.3e-05,7.6e-05,0.110557,7.6e-05,7.3e-05,0.033087,0.714218,-0.699924,33.215633,0.699924,0.714218,28.134043
146090,146003,6e-05,5.5e-05,0.265169,5.5e-05,6e-05,0.010759,0.687504,-0.726181,30.740574,0.726181,0.687504,-31.203468
146266,146090,0.000175,0.0002,0.700768,0.0002,0.000175,0.337395,0.765101,-0.64391,5.170513,0.64391,0.765101,-16.433807
146835,146090,0.000287,0.000251,0.133575,0.000251,0.000287,1.22868,-0.695936,-0.718104,64.550354,0.718104,-0.695936,50.386574
146868,146090,0.000397,0.000449,0.84289,0.000449,0.000397,0.431852,0.713217,-0.700943,-10.993324,0.700943,0.713217,3.432966
147012,146090,3e-06,0.000302,0.293058,0.000302,3e-06,0.46297,-0.996922,-0.078396,48.796001,0.078396,-0.996922,47.999802
148614,146565,0.000173,0.000194,0.626853,0.000194,0.000173,0.063819,-0.746121,0.665811,47.31913,-0.665811,-0.746121,91.988045
146565,146493,0.000387,1e-06,0.900241,1e-06,0.000387,0.34842,-0.03019,0.999544,12.150665,-0.999544,-0.03019,100.023636
146915,146565,0.00034,0.000329,0.145953,0.000329,0.00034,0.932422,-0.685413,-0.728155,59.81609,0.728155,-0.685413,56.909744
146581,145768,0.000111,0.000128,1.158898,0.000128,0.000111,0.060005,-0.731966,0.681342,46.502701,-0.681342,-0.731966,105.736237
146668,146586,2.7e-05,0.0,0.080339,0.0,2.7e-05,0.025125,-0.008353,0.999965,14.23295,-0.999965,-0.008353,80.015152
146857,146586,0.0,0.0,0.000264,0.0,0.0,0.000551,-0.084907,-0.996389,14.372174,0.996389,-0.084907,-12.789501
150217,146586,0.000102,0.000157,3.570863,0.000157,0.000102,0.112905,0.794621,0.607105,45.284191,-0.607105,0.794621,-90.993637
146586,146266,0.000346,0.000301,0.177086,0.000301,0.000346,1.078968,-0.699,-0.715122,55.898064,0.715122,-0.699,48.470146
146687,146586,1e-06,0.000273,0.087133,0.000273,1e-06,0.109155,-0.999285,0.037809,33.601555,-0.037809,-0.999285,34.029705
146835,146586,0.000108,0.000122,0.093546,0.000122,0.000108,0.848549,0.740241,0.672342,-49.920441,-0.672342,0.740241,0.667789
146868,146586,0.000505,0.000413,0.851741,0.000413,0.000505,0.046832,-0.726851,0.686795,24.909641,-0.686795,-0.726851,52.567654
147012,146586,1e-06,0.000292,0.240738,0.000292,1e-06,1.424673,0.999638,0.026899,-34.35931,-0.026899,0.999638,4.519856
150217,146668,0.000179,0.000123,0.111399,0.000123,0.000179,3.824743,0.635903,-0.771769,171.361847,0.771769,0.635903,27.330975
146668,146266,0.000154,0.000153,0.646434,0.000153,0.000154,0.22653,0.721555,-0.692357,-11.105747,0.692357,0.721555,2.919022
146687,146668,1.6e-05,0.0,0.005255,0.0,1.6e-05,0.01485,0.037616,0.999292,45.858826,-0.999292,0.037616,19.388163
147012,146668,0.00026,0.0,1.635653,0.0,0.00026,0.465236,0.032942,-0.999457,74.493881,0.999457,0.032942,-49.080063
147030,146857,0.0,0.000464,0.08842,0.000464,0.0,0.372085,0.999988,-0.004816,7.076637,0.004816,0.999988,18.926949
147544,146857,0.0,0.0,0.001903,0.0,0.0,0.000787,0.997809,-0.06616,-8.972614,0.06616,0.997809,34.292885
147901,146857,0.0,0.000311,0.783113,0.000311,0.0,0.696545,0.999999,-0.001581,-33.741222,0.001581,0.999999,-22.64119
146857,146266,0.000265,0.000238,0.756507,0.000238,0.000265,0.11336,-0.709016,0.705193,58.359333,-0.705193,-0.709016,66.405502
146857,146687,0.00044,0.0,0.251146,0.0,0.00044,0.161072,-0.049758,0.998761,23.329809,-0.998761,-0.049758,47.38633
147012,146857,0.00097,1.2e-05,1.059149,1.2e-05,0.00097,0.324878,-0.08723,0.996188,21.060638,-0.996188,-0.08723,46.795006
147594,146987,0.000459,1e-06,1.316617,1e-06,0.000459,0.709312,-0.007709,0.99997,-12.158764,-0.99997,-0.007709,87.111923
148614,146987,0.0,0.000257,0.097347,0.000257,0.0,0.10302,-0.999902,0.014033,38.802013,-0.014033,-0.999902,26.179794
149736,146987,0.000237,2e-06,0.114551,2e-06,0.000237,0.082827,0.101761,0.994809,15.133551,-0.994809,0.101761,39.607117
151425,146987,1e-06,0.000169,0.033787,0.000169,1e-06,0.041862,-0.995271,0.097134,13.541338,-0.097134,-0.995271,20.289568
146987,146915,0.000571,1e-06,0.208404,1e-06,0.000571,0.234002,0.022561,0.999745,9.566236,-0.999745,0.022561,24.440668
147544,147030,0.0,8.6e-05,0.102898,8.6e-05,0.0,0.232928,0.999908,-0.013553,-16.521248,0.013553,0.999908,17.341101
148173,147030,0.000482,0.000307,4.960132,0.000307,0.000482,0.105511,-0.618009,0.786171,37.350178,-0.786171,-0.618009,124.97464
150217,147030,0.000228,0.000185,1.204482,0.000185,0.000228,4.264525,-0.644825,0.76433,-84.233826,-0.76433,-0.644825,-46.736012
147030,146003,0.000429,0.000363,0.319606,0.000363,0.000429,1.933426,0.672437,0.740154,1.953674,-0.740154,0.672437,31.086826
147030,146266,0.000142,0.000167,0.346144,0.000167,0.000142,0.176439,-0.724414,0.689366,67.639046,-0.689366,-0.724414,47.649666
147030,147012,0.00038,1e-06,0.68064,1e-06,0.00038,0.170567,-0.067576,-0.997714,28.94017,0.997714,-0.067576,-12.510212
148270,147030,0.001273,1.3e-05,1.883029,1.3e-05,0.001273,0.342983,0.062824,0.998025,37.844345,-0.998025,0.062824,65.816681
148460,147030,3.9e-05,0.000318,0.527888,0.000318,3.9e-05,4.40004,-0.95228,0.305226,-87.071686,-0.305226,-0.95228,65.981689
148436,147149,7.7e-05,7.3e-05,0.07482,7.3e-05,7.7e-05,0.327392,0.697601,0.716486,2.232529,-0.716486,0.697601,64.318665
147149,146868,1e-06,0.000578,0.281336,0.000578,1e-06,2.001228,0.997715,0.067561,-44.693939,-0.067561,0.997715,11.968484
147149,146915,0.000546,0.0,0.770128,0.0,0.000546,0.273217,0.073751,0.997277,21.062344,-0.997277,0.073751,64.704277
147549,147149,0.000134,0.000123,0.088472,0.000123,0.000134,0.628189,-0.69238,-0.721533,73.718445,0.721533,-0.69238,62.056767
147274,146003,3.9e-05,0.0,0.029869,0.0,3.9e-05,0.02102,-0.002488,-0.999997,33.075806,0.999997,-0.002488,12.143267
147274,146835,0.000271,0.0,0.158578,0.0,0.000271,0.268668,0.006325,0.99998,5.520115,-0.99998,0.006325,37.588505
147274,146868,3e-06,0.000494,0.717555,0.000494,3e-06,0.059278,0.998157,-0.060688,51.348808,0.060688,0.998157,-13.893364
147888,147274,9.6e-05,0.0,0.279624,0.0,9.6e-05,0.123526,0.005083,0.999987,12.812069,-0.999987,0.005083,99.692383
148358,147274,5.4e-05,0.000167,0.246189,0.000167,5.4e-05,0.364111,-0.875311,-0.483559,98.490318,0.483559,-0.875311,60.071613
148460,147274,0.000442,0.000142,0.156741,0.000142,0.000442,2.022298,0.484365,-0.874866,121.951096,0.874866,0.484365,45.03418
148173,147544,0.000246,0.000163,1.594727,0.000163,0.000246,0.064484,-0.618848,0.785511,54.259747,-0.785511,-0.618848,106.936066
148392,147544,0.000703,0.000611,0.422179,0.000611,0.000703,2.332979,-0.688505,-0.725232,72.894623,0.725232,-0.688505,69.738251
147816,147594,7.1e-05,8.3e-05,0.716991,8.3e-05,7.1e-05,0.04122,0.743213,-0.669055,14.441547,0.669055,0.743213,-43.078247
149736,147594,2e-05,0.001572,0.407834,0.001572,2e-05,0.161857,0.994709,-0.102735,47.962738,0.102735,0.994709,27.627129
147594,146868,0.000155,1e-06,0.379424,1e-06,0.000155,0.444844,0.045191,0.998978,-17.604736,-0.998978,0.045191,80.302399
147958,147594,0.000382,0.000575,0.93482,0.000575,0.000382,0.260758,0.784403,-0.620252,-8.773087,0.620252,0.784403,9.016512
148436,147816,0.0,0.000222,0.232378,0.000222,0.0,0.063224,0.999176,0.040587,9.623887,-0.040587,0.999176,19.745178
147816,147764,0.000888,2e-06,0.696026,2e-06,0.000888,4.059902,0.057991,0.998317,-34.87693,-0.998317,0.057991,43.902451
147958,147816,1e-06,0.000592,0.174298,0.000592,1e-06,0.378077,0.999736,0.022974,18.798573,-0.022974,0.999736,53.173576
147967,147897,9e-05,0.0,0.103424,0.0,9e-05,0.06312,-0.030214,0.999543,35.860229,-0.999543,-0.030214,52.109276
150217,147897,0.000897,0.000431,0.390482,0.000431,0.000897,2.63672,0.591912,-0.806003,68.290726,0.806003,0.591912,32.563362
147897,147226,0.000232,0.000222,0.240078,0.000222,0.000232,1.662414,-0.702244,-0.711936,89.160194,0.711936,-0.702244,97.670044
148587,147897,6.3e-05,0.00045,3.357375,0.00045,6.3e-05,0.508461,0.959044,-0.283256,-0.313652,0.283256,0.959044,-53.306778
150217,147901,0.000176,0.000155,0.348614,0.000155,0.000176,1.82863,-0.673292,0.739377,-45.272789,-0.739377,-0.673292,-1.782673
147901,146687,0.000132,0.0,0.251832,0.0,0.000132,0.151141,0.019696,0.999806,-0.68835,-0.999806,0.019696,80.53772
147901,147012,0.000175,1e-06,0.537243,1e-06,0.000175,0.117189,-0.076055,-0.997104,72.970772,0.997104,-0.076055,-49.348999
148358,147901,0.000277,2.9e-05,0.431078,2.9e-05,0.000277,0.862307,0.286566,0.958061,-38.745663,-0.958061,0.286566,81.297157
148460,147901,2.1e-05,0.000197,1.197362,0.000197,2.1e-05,1.451734,-0.946344,0.323162,-48.122375,-0.323162,-0.946344,106.207451
148587,147901,2.7e-05,0.000242,0.739911,0.000242,2.7e-05,0.073016,-0.951782,0.306775,23.4039,-0.306775,-0.951782,79.600883
148339,147967,0.0,1e-06,0.000392,1e-06,0.0,0.001265,-0.845069,0.534657,110.022415,-0.534657,-0.845069,66.764229
148587,147967,0.000319,5.4e-05,0.844101,5.4e-05,0.000319,1.208947,-0.378101,-0.925764,107.864677,0.925764,-0.378101,-26.921898
148270,148173,0.000183,0.000217,0.667754,0.000217,0.000183,0.157442,0.739088,-0.673609,45.836494,0.673609,0.739088,37.048393
148392,148173,0.000819,1.7e-05,0.598204,1.7e-05,0.000819,0.320056,-0.151576,0.988446,17.823399,-0.988446,-0.151576,38.062157
148720,148339,0.000566,2e-06,1.036247,2e-06,0.000566,0.624064,-0.013916,-0.999903,45.96339,0.999903,-0.013916,-9.496403
148358,148339,1e-06,0.000407,0.254117,0.000407,1e-06,0.316874,0.999647,-0.02657,21.885166,0.02657,0.999647,14.150402
148460,148339,0.000425,1e-06,0.488835,1e-06,0.000425,0.740222,0.066998,0.997753,-4.165104,-0.997753,0.066998,13.79311
150217,148436,0.00057,0.000902,4.606271,0.000902,0.00057,0.250722,-0.756177,-0.654367,64.257881,0.654367,-0.756177,122.893463
150914,148436,0.000171,0.000264,1.340889,0.000264,0.000171,0.056621,-0.783186,0.621787,44.263489,-0.621787,-0.783186,122.362907
148436,146868,0.000128,0.000127,0.123895,0.000127,0.000128,1.019004,0.692789,0.72114,-41.091156,-0.72114,0.692789,72.134369
148436,147549,0.0,0.000222,0.178885,0.000222,0.0,0.211263,-0.999991,-0.004324,52.047001,0.004324,-0.999991,50.02549
148436,147764,0.000589,1e-06,0.370802,1e-06,0.000589,0.885306,-0.046343,0.998926,-13.58709,-0.998926,-0.046343,38.655083
148436,147958,1e-06,0.001983,2.608609,0.001983,1e-06,1.44529,0.999382,-0.03514,-6.284367,0.03514,0.999382,-35.191261
148488,148392,0.000167,0.0,0.286065,0.0,0.000167,0.077401,0.022706,0.999742,28.76651,-0.999742,0.022706,62.273777
148579,148488,0.0,0.000179,0.239045,0.000179,0.0,0.095979,-0.999998,-0.001856,40.07431,0.001856,-0.999998,73.038406
149736,148614,0.000355,2e-06,0.151231,2e-06,0.000355,0.034737,-0.079102,-0.996867,22.548145,0.996867,-0.079102,-13.578508
148614,146493,0.000835,0.000581,0.198116,0.000581,0.000835,2.847701,-0.565977,-0.824421,103.270264,0.824421,-0.565977,44.068893
148614,146915,0.000812,1e-06,0.678162,1e-06,0.000812,0.178832,-0.046994,-0.998895,36.955032,0.998895,-0.046994,-13.480034
148720,148358,0.000422,0.0,1.129135,0.0,0.000422,0.128757,-0.030737,-0.999528,25.402723,0.999528,-0.030737,-23.660198
148720,148460,1e-06,0.000645,0.638716,0.000645,1e-06,2.833234,-0.999735,-0.022999,-25.616283,0.022999,-0.999735,52.460152
148720,148579,1.6e-05,0.000273,0.316561,0.000273,1.6e-05,1.875102,-0.968856,-0.247626,139.446823,0.247626,-0.968856,70.898552
153798,149405,0.000331,0.0,0.075513,0.0,0.000331,0.700134,0.007482,0.999972,-31.219624,-0.999972,0.007482,17.186211
149405,149401,0.000716,0.0,0.738437,0.0,0.000716,0.294542,0.004941,-0.999988,26.659708,0.999988,0.004941,-2.730449
152342,149405,0.0,9.1e-05,0.017959,9.1e-05,0.0,0.075438,-0.999778,0.021092,46.499271,-0.021092,-0.999778,12.382974
153345,149405,1e-06,0.000774,0.211279,0.000774,1e-06,0.987639,0.996927,-0.078332,-25.543139,0.078332,0.996927,8.222071
151425,149736,0.000349,0.0,0.200955,0.0,0.000349,0.139667,0.001169,0.999999,19.044525,-0.999999,0.001169,-4.140064
153503,150117,0.000119,0.000142,0.911674,0.000142,0.000119,0.030709,-0.733557,0.679628,5.396847,-0.679628,-0.733557,98.614807
150117,147764,1e-06,0.001103,0.260389,0.001103,1e-06,1.961459,-0.996884,0.078882,89.605583,-0.078882,-0.996884,30.178251
150117,147958,0.000526,1e-06,0.626395,1e-06,0.000526,0.400704,0.005315,0.999986,1.172329,-0.999986,0.005315,71.70195
150217,146687,0.000131,0.000159,2.876398,0.000159,0.000131,0.233585,-0.742092,-0.670298,-2.182789,0.670298,-0.742092,125.870964
150217,147012,0.000101,0.000166,3.953109,0.000166,0.000101,0.149201,0.795219,0.606322,79.616081,-0.606322,0.795219,-93.876404
150217,147226,1.2e-05,0.000456,1.692382,0.000456,1.2e-05,0.70037,-0.992464,0.122533,19.744968,-0.122533,-0.992464,125.635391
150217,148358,0.0002,6.9e-05,1.366581,6.9e-05,0.0002,0.160187,0.509088,0.860715,77.646278,-0.860715,0.509088,-29.819305
150217,148460,3.7e-05,0.000107,0.038743,0.000107,3.7e-05,1.207612,0.858632,0.512593,-32.013397,-0.512593,0.858632,105.935555
150217,148587,0.000111,0.000314,0.083469,0.000314,0.000111,1.590125,0.85479,-0.518974,89.536011,0.518974,0.85479,58.326691
153535,150914,0.000194,0.000164,0.088259,0.000164,0.000194,0.702139,0.680721,0.732543,-24.318657,-0.732543,0.680721,59.475719
151958,150914,0.0,0.000232,0.117614,0.000232,0.0,0.400902,0.999989,0.004661,-23.837337,-0.004661,0.999989,6.669913
151425,145450,0.00016,0.001462,1.875624,0.001462,0.00016,0.65947,-0.951692,0.307055,33.248672,-0.307055,-0.951692,95.152618
151425,145768,0.00014,1.7e-05,0.131256,1.7e-05,0.00014,0.275149,-0.322318,-0.946632,78.189857,0.946632,-0.322318,-20.495235
152671,152087,7.8e-05,9e-05,0.077495,9e-05,7.8e-05,0.385419,-0.730846,-0.682543,73.965462,0.682543,-0.730846,59.004951
152881,152087,0.000584,0.00056,2.508294,0.00056,0.000584,0.379475,0.682457,-0.730925,-13.180939,0.730925,0.682457,-5.371368
153503,152087,0.000292,0.000319,0.075607,0.000319,0.000292,0.579856,0.762449,0.647048,13.92186,-0.647048,0.762449,60.22261
152881,152671,3.5e-05,0.0,0.049298,0.0,3.5e-05,0.018085,-0.00023,1.0,19.392754,-1.0,-0.00023,107.301468
153503,152671,1e-06,0.000758,0.198759,0.000758,1e-06,0.245459,-0.999292,0.037632,45.150913,-0.037632,-0.999292,39.694012
153798,152671,0.00144,0.001979,4.608415,0.001979,0.00144,2.312631,-0.816401,0.577485,88.302628,-0.577485,-0.816401,60.054588
153114,152671,0.000349,0.000311,2.661786,0.000311,0.000349,0.183244,-0.705081,0.709127,80.679443,-0.709127,-0.705081,117.446571
153345,152671,0.000643,0.000737,0.617412,0.000737,0.000643,0.363117,-0.710852,-0.703342,90.171806,0.703342,-0.710852,67.477325
153114,152881,0.000204,0.000191,0.148652,0.000191,0.000204,0.978939,0.729693,0.683775,-11.033859,-0.683775,0.729693,61.000122
153535,147888,0.000127,0.000309,0.217577,0.000309,0.000127,0.053649,-0.848439,0.529293,23.954744,-0.529293,-0.848439,34.809784
153535,151958,0.000244,0.000262,0.113081,0.000262,0.000244,0.513603,0.726975,0.686664,-1.974459,-0.686664,0.726975,50.768547
153798,153114,6e-06,0.002147,1.05653,0.002147,6e-06,0.82228,0.999111,-0.042162,36.561237,0.042162,0.999111,37.46946
153798,153345,0.000305,1e-06,0.084771,1e-06,0.000305,0.216103,-0.051616,0.998667,-4.374677,-0.998667,-0.051616,8.295815
154174,147888,0.000205,0.000253,0.071629,0.000253,0.000205,0.820691,0.767472,-0.641082,102.144073,0.641082,0.767472,77.977615
154174,147965,0.000567,1e-06,0.780467,1e-06,0.000567,0.441855,-0.055822,0.998441,-19.586868,-0.998441,-0.055822,-21.449677
163132,163076,4e-06,0.000694,0.227518,0.000694,4e-06,2.32413,0.995619,0.093505,144.946625,-0.093505,0.995619,87.043411
163218,163076,0.0,0.000291,0.108526,0.000291,0.0,1.08032,0.999993,-0.003765,124.09906,0.003765,0.999993,60.732944
163091,163076,0.000122,0.0,0.325222,0.0,0.000122,0.249499,-0.002662,0.999996,49.421494,-0.999996,-0.002662,103.948402
163108,163076,0.0,0.000364,0.298256,0.000364,0.0,3.47942,-0.999998,0.001812,195.89682,-0.001812,-0.999998,58.049225
163218,163132,1e-06,0.000276,0.998934,0.000276,1e-06,0.346011,0.999143,0.04139,21.183937,-0.04139,0.999143,-30.590889
163132,163113,0.000461,1e-06,0.737951,1e-06,0.000461,0.491612,0.023533,0.999723,23.131485,-0.999723,0.023533,64.253166
163251,163169,0.000932,0.0,1.364166,0.0,0.000932,0.060333,0.0246,0.999697,45.251648,-0.999697,0.0246,64.501091
163169,163091,1.6e-05,0.001413,0.238865,0.001413,1.6e-05,0.901619,0.999454,-0.033026,65.562691,0.033026,0.999454,78.977905
163169,163108,0.000494,3e-06,0.052473,3e-06,0.000494,0.122722,0.072364,-0.997378,69.202972,0.997378,0.072364,18.555141
163169,163113,0.0,0.000804,0.140482,0.000804,0.0,1.727662,0.998583,0.053212,-28.781067,-0.053212,0.998583,49.938667
163251,163188,0.0,0.00024,0.302463,0.00024,0.0,0.175886,0.999719,-0.023723,69.544235,0.023723,0.999719,59.482651
163326,163188,0.000682,2e-06,0.196586,2e-06,0.000682,0.169996,0.034373,0.999409,71.342545,-0.999409,0.034373,52.125755
163479,163188,3e-06,0.001747,0.696404,0.001747,3e-06,1.467453,-0.999995,-0.003268,105.635178,0.003268,-0.999995,30.13463
163925,163188,0.000486,3e-06,1.272276,3e-06,0.000486,0.432252,-0.018094,-0.999836,94.683861,0.999836,-0.018094,-41.977749
163188,163091,0.000413,1e-06,0.168688,1e-06,0.000413,1.011031,-0.049299,-0.998784,78.882889,0.998784,-0.049299,75.636856
163188,163108,0.0,8.8e-05,0.018441,8.8e-05,0.0,0.107494,-0.999625,0.027378,72.509537,-0.027378,-0.999625,34.247322
163251,163218,4e-06,0.00051,0.621521,0.00051,4e-06,3.143938,0.997614,0.069045,-70.579475,-0.069045,0.997614,27.055138
163218,163091,0.000532,0.0,0.751688,0.0,0.000532,0.34559,0.005272,-0.999986,43.863899,0.999986,0.005272,74.10376
163218,163113,0.000623,3e-06,0.698864,3e-06,0.000623,1.221714,-0.06149,0.998108,-5.928944,-0.998108,-0.06149,45.057133
163251,163113,0.000888,1.5e-05,3.885899,1.5e-05,0.000888,0.653487,-0.088165,0.996106,22.415876,-0.996106,-0.088165,112.556702
163479,163326,0.00022,0.0,0.096719,0.0,0.00022,0.083437,0.004065,0.999992,22.102873,-0.999992,0.004065,33.891495
163925,163479,0.000135,0.0,0.219053,0.0,0.000135,0.032133,0.018665,0.999826,11.490641,-0.999826,0.018665,72.679367
163925,163108,0.000563,1.3e-05,0.23743,1.3e-05,0.000563,0.993805,0.121548,0.992586,-25.60067,-0.992586,0.121548,70.545776
2279,761,0.000872,4.3e-05,3.708846,4.3e-05,0.000872,0.076267,0.224934,-0.974374,7.884321,0.974374,0.224934,-44.362831
5314,3813,3e-06,0.000406,4.131174,0.000406,3e-06,1.240271,0.995173,0.098133,140.39093,-0.098133,0.995173,-82.870728
7046,5314,0.0,0.0,0.000544,0.0,0.0,0.000306,-0.312596,-0.949886,77.119034,0.949886,-0.312596,6.253441
21714,21622,0.002125,1.5e-05,3.079198,1.5e-05,0.002125,0.587857,-0.026085,-0.99966,40.857605,0.99966,-0.026085,-27.871323
21831,21622,0.0,0.000144,0.128449,0.000144,0.0,0.053675,-0.998566,-0.053538,35.656181,0.053538,-0.998566,67.907036
21831,21714,0.001081,1.7e-05,0.401341,1.7e-05,0.001081,2.811031,0.16704,-0.98595,94.3983,0.98595,0.16704,-2.239132
88263,88262,0.000117,0.0,0.194213,0.0,0.000117,0.10064,5e-05,1.0,6.098694,-1.0,5e-05,81.988152
112847,112481,2.6e-05,0.0,0.046712,0.0,2.6e-05,0.034331,0.000635,1.0,59.986122,-1.0,0.000635,105.85157
112991,112481,1e-05,0.0,0.050971,0.0,1e-05,0.014952,0.001429,-0.999999,82.964523,0.999999,0.001429,-41.19482
120999,118813,0.000133,9.6e-05,1.905873,9.6e-05,0.000133,0.058637,-0.645133,0.76407,41.760693,-0.76407,-0.645133,144.106506
123838,123001,0.0,0.000121,0.094686,0.000121,0.0,0.689581,-1.0,-0.000151,128.974762,0.000151,-1.0,58.500019
146003,145997,0.000208,0.0,0.945358,0.0,0.000208,0.16758,0.00251,0.999997,-4.107584,-0.999997,0.00251,117.870667
148392,145997,1.5e-05,0.000844,0.11381,0.000844,1.5e-05,0.868933,0.990656,0.136387,36.966175,-0.136387,0.990656,18.678877
152578,145997,0.001568,0.000627,0.529518,0.000627,0.001568,0.202659,0.587005,0.809583,50.179699,-0.809583,0.587005,55.654743
146835,146003,0.0,0.000417,0.252744,0.000417,0.0,0.227458,-0.999993,0.003856,38.735035,-0.003856,-0.999993,50.213776
147888,146003,0.0,0.000347,0.267884,0.000347,0.0,2.158393,0.999978,-0.006663,-66.579102,0.006663,0.999978,24.651623
152578,146003,5.1e-05,0.000103,0.068599,0.000103,5.1e-05,0.009308,0.809489,-0.587135,62.048954,0.587135,0.809489,54.96489
146687,146266,0.000197,0.000191,0.092071,0.000191,0.000197,0.354787,0.709715,0.704489,8.717907,-0.704489,0.709715,49.109886
146835,146266,0.001168,4e-06,1.593722,4e-06,0.001168,3.531803,0.013485,-0.999909,89.269112,0.999909,0.013485,9.224747
146868,146266,2e-06,0.002682,0.285122,0.002682,2e-06,1.970226,0.999948,0.01024,2.488499,-0.01024,0.999948,29.30031
147012,146266,0.000237,0.000171,0.144805,0.000171,0.000237,1.407943,-0.656815,-0.754051,76.065826,0.754051,-0.656815,18.464001
148270,146266,0.000407,0.000411,1.700298,0.000411,0.000407,3.38204,-0.725919,-0.68778,85.251091,0.68778,-0.725919,-25.548115
146915,146493,0.003039,1.6e-05,0.168387,1.6e-05,0.003039,0.648935,-0.131903,-0.991263,77.870193,0.991263,-0.131903,66.025696
148270,146493,0.000115,0.0,0.25745,0.0,0.000115,0.16403,-0.002285,-0.999997,80.149467,0.999997,-0.002285,-33.006535
146868,146687,0.000571,0.000561,0.994805,0.000561,0.000571,0.144138,0.668485,-0.743725,11.734701,0.743725,0.668485,-19.581242
147012,146687,3e-06,0.000452,0.100628,0.000452,3e-06,1.143877,-0.998445,-0.05575,68.944046,0.05575,-0.998445,27.109735
146868,146835,5.4e-05,0.0,0.125622,0.0,5.4e-05,0.033815,-0.00793,0.999969,19.481293,-0.999969,-0.00793,87.152016
147888,146835,0.0,1.3e-05,0.015814,1.3e-05,0.0,0.034786,-0.99947,0.032549,104.788445,-0.032549,-0.99947,26.868584
146915,146868,0.000686,1e-06,1.235507,1e-06,0.000686,0.190969,0.006133,-0.999981,22.673317,0.999981,0.006133,-15.728367
147012,146868,0.000266,0.000188,0.3293,0.000188,0.000266,1.171985,-0.650921,-0.759145,73.939728,0.759145,-0.650921,-10.198557
148270,147012,3e-06,0.000379,0.96046,0.000379,3e-06,2.226808,0.997178,-0.075076,-39.702637,0.075076,0.997178,23.378485
147764,147549,0.000388,1e-06,0.205467,1e-06,0.000388,0.349091,0.010928,0.99994,14.269855,-0.99994,0.010928,35.288223
147958,147549,0.0,0.000306,0.04316,0.000306,0.0,0.027003,-0.999931,0.011781,43.821529,-0.011781,-0.999931,16.184174
147958,147764,0.000621,1e-06,0.285189,1e-06,0.000621,0.143235,0.018225,0.999834,19.823021,-0.999834,0.018225,28.52923
147965,147888,0.000349,0.000313,0.167755,0.000313,0.000349,1.000418,-0.695455,-0.718569,73.320175,0.718569,-0.695455,78.098473
148358,147888,0.001482,0.000393,2.111164,0.000393,0.001482,1.553842,-0.509272,0.860605,40.684288,-0.860605,-0.509272,86.539703
151958,147888,0.001383,5.1e-05,0.433785,5.1e-05,0.001383,2.075502,-0.200619,0.979669,-27.107792,-0.979669,-0.200619,42.390545
148460,148270,0.00016,1.4e-05,3.728546,1.4e-05,0.00016,0.77174,0.255478,0.966815,-7.265091,-0.966815,0.255478,-124.650818
148460,148358,0.000241,0.0,0.37556,0.0,0.000241,0.92004,0.01234,0.999924,-27.199577,-0.999924,0.01234,1.132698
148587,148358,0.000179,0.0,0.226167,0.0,0.000179,0.158065,0.006076,0.999982,20.066952,-0.999982,0.006076,59.9076
148460,148392,0.0006,0.000178,3.127028,0.000178,0.0006,2.923248,0.465606,-0.884992,86.423256,0.884992,0.465606,116.237183
148579,148392,0.000491,1e-06,0.372007,1e-06,0.000491,1.304517,0.033016,-0.999455,101.356934,0.999455,0.033016,21.294361
152578,148392,0.000753,0.000507,0.148355,0.000507,0.000753,0.569956,0.605246,0.796039,9.745684,-0.796039,0.605246,40.096684
148587,148460,0.006029,0.001197,0.859209,0.001197,0.006029,3.743936,0.999858,-0.01686,58.95945,0.01686,0.999858,48.062019
152342,149401,0.000529,1e-06,0.318221,1e-06,0.000529,0.097279,0.001875,0.999998,13.991245,-0.999998,0.001875,43.194054
153302,149401,3e-06,0.001177,0.447619,0.001177,3e-06,0.873655,-0.999862,0.016632,8.202663,-0.016632,-0.999862,31.80101
153302,152342,0.000443,1e-06,0.671698,1e-06,0.000443,0.350837,0.007112,0.999975,11.301323,-0.999975,0.007112,-5.285538
153302,152578,4e-06,0.000299,0.105985,0.000299,4e-06,0.723928,0.990101,-0.140357,-22.069519,0.140357,0.990101,18.368504
163108,163091,0.000112,0.0,0.762842,0.0,0.000112,0.21737,0.005394,0.999985,45.827599,-0.999985,0.005394,146.549469
163113,163091,0.0,0.000299,0.331821,0.000299,0.0,0.118906,0.999582,-0.028907,37.878387,0.028907,0.999582,31.044731
