patch_a,patch_b,verdict,sep_um,max_sep_um,truth,trig_dn_a,trig_dn_b,trig_du_mm,trig_nbr_wrap_um,region_of_midpoints
48,72,same-sheet,8.8,14.3,same-wrap,,,,,
48,150,same-sheet,8.4,8.7,same-wrap,,,,,
48,162,same-sheet,11.7,15.2,same-wrap,,,,,
48,238,same-sheet,8.2,11.8,same-wrap,,,,,
72,150,same-sheet,9.2,15.4,same-wrap,,,,,B_cut
72,162,same-sheet,9.6,18.3,same-wrap,,,,,B_cut
72,238,same-sheet,10.1,16.3,same-wrap,,,,,B_cut
90,234,same-sheet,10.4,18.2,same-wrap,,,,,
90,238,same-sheet,8.9,18.3,same-wrap,,,,,B_cut
150,162,same-sheet,9.9,27.7,same-wrap,,,,,B_cut
150,286,same-sheet,9.5,13.1,same-wrap,,,,,B_cut
162,238,same-sheet,10.0,12.4,same-wrap,,,,,B_cut
162,286,same-sheet,11.3,50.1,same-wrap,,,,,B_cut
162,407,untestable,10.0,11.4,same-wrap,,,,,B_cut
162,416,same-sheet,11.2,26.4,same-wrap,,,,,B_cut
162,494,same-sheet,9.3,18.7,same-wrap,,,,,B_cut
162,1120,same-sheet,16.8,42.2,same-wrap,,,,,B_cut
162,761,same-sheet,9.5,22.4,same-wrap,,,,,B_cut
234,238,same-sheet,9.0,13.7,same-wrap,,,,,B_cut
234,494,same-sheet,9.2,11.3,same-wrap,,,,,B_cut
234,761,same-sheet,11.2,12.6,same-wrap,,,,,B_cut
234,1717,same-sheet,9.7,15.5,same-wrap,,,,,
238,494,same-sheet,11.8,19.0,same-wrap,,,,,B_cut
286,407,same-sheet,11.1,27.9,same-wrap,,,,,B_cut
293,302,same-sheet,9.4,16.1,same-wrap,,,,,
293,346,same-sheet,10.0,23.7,same-wrap,,,,,
302,346,same-sheet,8.8,12.6,same-wrap,,,,,
302,815,same-sheet,8.4,15.0,same-wrap,,,,,
302,1144,same-sheet,8.6,9.2,same-wrap,,,,,B_cut
346,962,same-sheet,9.8,19.0,same-wrap,,,,,B_cut
346,1144,same-sheet,11.8,31.2,same-wrap,,,,,B_cut
407,416,same-sheet,10.4,18.4,same-wrap,,,,,B_cut
416,1120,switch,76.5,104.5,same-wrap,92.6,11.3,0.01,,B_cut
416,7904,ambiguous,51.5,109.8,same-wrap,14.0,89.0,0.0,200.0,B_cut
494,761,same-sheet,11.0,21.5,same-wrap,,,,,B_cut
815,1158,same-sheet,13.1,35.8,same-wrap,,,,,B_cut
815,1849,same-sheet,13.9,32.2,same-wrap,,,,,B_cut
815,1954,same-sheet,14.4,22.2,same-wrap,,,,,
835,955,same-sheet,8.0,8.2,same-wrap,,,,,
835,6007,same-sheet,8.2,8.3,same-wrap,,,,,
835,6019,same-sheet,9.7,12.1,same-wrap,,,,,B_cut
955,6007,same-sheet,8.5,9.6,same-wrap,,,,,
962,1107,same-sheet,11.2,33.1,same-wrap,,,,,B_cut
962,1144,same-sheet,10.8,22.7,same-wrap,,,,,B_cut
1009,1120,same-sheet,9.4,17.4,same-wrap,,,,,B_cut
1009,672,ambiguous,23.4,62.8,same-wrap,,,,,
1009,2279,same-sheet,10.1,16.2,same-wrap,,,,,B_cut
1107,1158,same-sheet,12.5,16.9,same-wrap,,,,,B_cut
1107,1144,same-sheet,10.0,23.1,same-wrap,,,,,B_cut
1120,7904,ambiguous,205.9,601.9,adjacent,,,,,B_cut
1120,672,ambiguous,12.1,84.5,same-wrap,26.1,58.0,0.02,,
1120,2279,same-sheet,9.8,28.8,same-wrap,,,,,B_cut
1158,1849,same-sheet,13.6,31.2,same-wrap,,,,,B_cut
1158,6252,same-sheet,19.5,57.8,same-wrap,,,,,B_cut
1158,761,ambiguous,198.7,541.7,adjacent,,,,,B_cut
1158,1144,same-sheet,12.8,35.4,same-wrap,,,,,B_cut
1574,1752,same-sheet,11.7,23.7,same-wrap,,,,,
1665,6859,same-sheet,9.2,12.8,same-wrap,,,,,B_cut
1665,7904,untestable,8.5,8.5,same-wrap,,,,,B_cut
1665,1954,same-sheet,9.5,41.2,same-wrap,,,,,
1752,1836,same-sheet,10.7,28.2,same-wrap,,,,,B_cut
1752,1851,same-sheet,9.2,15.3,same-wrap,,,,,
1752,3566,same-sheet,8.6,9.2,same-wrap,,,,,B_cut
1836,1851,same-sheet,7.9,7.9,same-wrap,,,,,
1836,3566,same-sheet,10.9,14.1,same-wrap,,,,,B_cut
1836,4181,same-sheet,9.8,20.5,same-wrap,,,,,B_cut
1836,6019,same-sheet,8.8,9.7,same-wrap,,,,,B_cut
1849,6252,same-sheet,11.0,27.7,same-wrap,,,,,B_cut
1849,761,ambiguous,61.2,127.5,adjacent,,,,,B_cut
1849,1954,same-sheet,13.4,18.9,same-wrap,,,,,B_cut
1849,2279,same-sheet,10.9,13.4,same-wrap,,,,,B_cut
1851,5314,same-sheet,9.2,9.2,same-wrap,,,,,
1851,5548,same-sheet,12.6,87.6,same-wrap,58.2,56.3,0.42,,
2350,1717,switch,59.7,95.4,adjacent,,,,,
3566,3841,same-sheet,11.6,46.5,same-wrap,,,,,B_cut
3566,3885,same-sheet,21.4,66.2,adjacent,,,,,
3566,4181,same-sheet,9.6,15.6,same-wrap,,,,,B_cut
3566,5314,same-sheet,12.2,61.8,same-wrap,,,,,
3566,7046,ambiguous,84.1,131.5,adjacent,,,,,
3841,4173,same-sheet,11.2,17.9,same-wrap,,,,,
3841,4181,same-sheet,8.4,9.9,same-wrap,,,,,B_cut
3841,4593,same-sheet,10.6,22.8,same-wrap,,,,,B_cut
3841,3813,same-sheet,8.6,12.5,same-wrap,,,,,
3841,5314,same-sheet,21.7,37.4,same-wrap,,,,,
3885,5314,same-sheet,17.9,72.5,adjacent,,,,,
3885,7046,ambiguous,67.7,167.0,adjacent,,,,,
3945,4146,same-sheet,12.9,26.0,same-wrap,,,,,
3945,4169,same-sheet,9.8,10.9,same-wrap,,,,,
3945,4297,same-sheet,10.2,15.5,same-wrap,,,,,
3945,4723,same-sheet,9.3,11.8,same-wrap,,,,,
3945,4920,same-sheet,10.0,20.2,same-wrap,,,,,
4146,4723,same-sheet,9.9,24.8,same-wrap,,,,,B_cut
4146,4920,same-sheet,10.2,40.7,same-wrap,,,,,B_cut
4146,5065,same-sheet,8.3,8.6,same-wrap,,,,,B_cut
4146,5791,same-sheet,12.1,16.7,same-wrap,,,,,B_cut
4169,4297,same-sheet,11.7,36.8,same-wrap,,,,,B_cut
4169,4920,same-sheet,11.5,33.9,same-wrap,,,,,B_cut
4169,5065,same-sheet,12.2,13.9,same-wrap,,,,,B_cut
4173,4181,same-sheet,8.5,13.6,same-wrap,,,,,B_cut
4173,4593,same-sheet,8.8,13.0,same-wrap,,,,,B_cut
4181,4593,same-sheet,9.7,29.0,same-wrap,,,,,B_cut
4181,6019,untestable,8.5,9.1,same-wrap,,,,,B_cut
4297,4337,same-sheet,9.8,14.3,same-wrap,,,,,B_cut
4297,4920,same-sheet,18.0,38.9,same-wrap,,,,,B_cut
4297,4933,same-sheet,9.1,13.9,same-wrap,,,,,B_cut
4297,5065,same-sheet,10.2,15.7,same-wrap,,,,,B_cut
4337,4933,same-sheet,8.7,10.7,same-wrap,,,,,B_cut
4337,7253,same-sheet,9.5,13.8,same-wrap,,,,,B_cut
4593,6007,same-sheet,9.7,28.6,same-wrap,,,,,
4593,6019,same-sheet,10.1,15.6,same-wrap,,,,,B_cut
4723,4920,same-sheet,10.3,23.4,same-wrap,,,,,B_cut
4723,5065,same-sheet,8.9,16.4,same-wrap,,,,,B_cut
4723,5551,same-sheet,9.4,28.4,same-wrap,,,,,B_cut
4723,5791,same-sheet,9.5,26.0,same-wrap,,,,,B_cut
4920,4933,same-sheet,8.5,8.5,same-wrap,,,,,B_cut
4920,5065,same-sheet,9.7,16.6,same-wrap,,,,,B_cut
4920,5551,same-sheet,9.2,13.3,same-wrap,,,,,B_cut
4920,5791,same-sheet,10.0,19.5,same-wrap,,,,,B_cut
4933,5065,same-sheet,10.7,25.7,same-wrap,,,,,B_cut
5065,5069,same-sheet,12.1,14.8,same-wrap,,,,,
5065,5527,same-sheet,10.3,14.0,same-wrap,,,,,B_cut
5065,5551,same-sheet,9.2,12.0,same-wrap,,,,,B_cut
5065,5791,same-sheet,9.7,21.0,same-wrap,,,,,B_cut
5065,5869,untestable,8.4,10.2,same-wrap,,,,,B_cut
5065,6200,same-sheet,10.9,30.0,same-wrap,,,,,
5069,5527,same-sheet,11.0,21.6,same-wrap,,,,,B_cut
5069,5551,same-sheet,10.1,16.1,same-wrap,,,,,B_cut
5069,5791,untestable,10.2,10.2,same-wrap,,,,,
5069,5869,untestable,8.2,8.2,same-wrap,,,,,
5069,6200,same-sheet,11.5,41.3,same-wrap,,,,,
5527,6200,same-sheet,9.3,23.0,same-wrap,,,,,
5527,7253,same-sheet,9.2,10.3,same-wrap,,,,,
5551,5791,same-sheet,9.3,19.4,same-wrap,,,,,B_cut
5613,5718,same-sheet,10.3,15.0,same-wrap,,,,,
5613,7009,same-sheet,9.3,14.9,same-wrap,,,,,
5613,7189,untestable,8.0,8.0,same-wrap,,,,,
5718,6377,same-sheet,10.0,15.9,same-wrap,,,,,B_cut
5718,6738,same-sheet,10.2,23.3,same-wrap,,,,,B_cut
5718,7009,same-sheet,12.7,15.9,same-wrap,,,,,B_cut
5718,6685,untestable,9.0,9.4,same-wrap,,,,,
5791,5869,same-sheet,9.4,14.3,same-wrap,,,,,B_cut
5869,6200,same-sheet,9.8,21.6,same-wrap,,,,,B_cut
6200,7253,same-sheet,8.1,8.1,same-wrap,,,,,
6252,761,ambiguous,71.6,266.7,adjacent,,,,,B_cut
6252,1954,same-sheet,9.7,13.6,same-wrap,,,,,B_cut
6252,2279,ambiguous,114.4,441.4,adjacent,,,,,B_cut
6377,6738,same-sheet,10.9,34.2,same-wrap,,,,,
6377,6685,same-sheet,10.2,23.9,same-wrap,,,,,
6738,6760,same-sheet,13.9,50.8,same-wrap,,,,,B_cut
6738,7009,same-sheet,11.5,15.6,same-wrap,,,,,B_cut
6738,9573,switch,13.1,53.1,same-wrap,,,,,B_cut
6738,6685,same-sheet,11.0,24.4,same-wrap,,,,,B_cut
6760,7828,same-sheet,7.9,7.9,same-wrap,,,,,B_cut
6760,9573,same-sheet,23.0,53.9,same-wrap,,,,,B_cut
6760,6685,same-sheet,9.0,10.1,same-wrap,,,,,B_cut
6859,7904,untestable,10.4,10.7,same-wrap,,,,,B_cut
7009,7189,same-sheet,9.2,11.1,same-wrap,,,,,B_cut
7009,7467,same-sheet,11.2,32.0,same-wrap,,,,,B_cut
7086,7443,same-sheet,12.1,29.6,same-wrap,,,,,B_cut
7086,7689,same-sheet,11.4,52.6,same-wrap,,,,,B_cut
7086,7807,same-sheet,11.2,52.8,same-wrap,,,,,B_cut
7086,9464,same-sheet,11.1,55.5,same-wrap,,,,,B_cut
7086,9692,same-sheet,9.8,17.7,same-wrap,,,,,B_cut
7146,7828,same-sheet,8.7,11.0,same-wrap,,,,,B_cut
7146,5314,ambiguous,78.4,363.5,adjacent,,,,,
7146,7046,same-sheet,12.2,17.3,same-wrap,,,,,
7189,7467,same-sheet,11.5,33.5,same-wrap,,,,,B_cut
7189,7842,same-sheet,9.5,16.1,same-wrap,,,,,
7386,7828,same-sheet,12.8,19.1,same-wrap,,,,,B_cut
7386,7046,same-sheet,9.1,11.5,same-wrap,,,,,
7443,7471,same-sheet,9.0,21.2,same-wrap,,,,,
7443,7689,same-sheet,10.3,23.7,same-wrap,,,,,
7443,7807,same-sheet,9.2,15.3,same-wrap,,,,,B_cut
7443,9464,same-sheet,9.6,19.3,same-wrap,,,,,B_cut
7467,7842,same-sheet,8.8,13.2,same-wrap,,,,,
7467,9573,same-sheet,9.4,13.3,same-wrap,,,,,B_cut
7467,7575,same-sheet,8.6,12.6,same-wrap,,,,,B_cut
7471,7689,same-sheet,12.9,15.4,same-wrap,,,,,
7471,8372,same-sheet,9.9,10.8,same-wrap,,,,,
7471,9464,same-sheet,10.0,18.7,same-wrap,,,,,
7689,7807,same-sheet,10.9,32.6,same-wrap,,,,,B_cut
7689,7821,untestable,8.2,8.2,same-wrap,,,,,B_cut
7689,9464,same-sheet,9.7,17.4,same-wrap,,,,,B_cut
7689,9692,same-sheet,8.8,10.6,same-wrap,,,,,B_cut
7807,7821,same-sheet,10.8,38.8,same-wrap,,,,,B_cut
7807,8078,same-sheet,9.7,30.5,same-wrap,,,,,
7807,8372,untestable,9.4,9.5,same-wrap,,,,,B_cut
7807,9464,same-sheet,10.5,33.1,same-wrap,,,,,B_cut
7807,9692,same-sheet,11.1,48.6,same-wrap,,,,,
7821,8078,same-sheet,9.9,27.8,same-wrap,,,,,B_cut
7821,8261,same-sheet,8.6,11.7,same-wrap,,,,,B_cut
7821,8372,same-sheet,9.1,11.2,same-wrap,,,,,B_cut
7821,9464,same-sheet,10.2,20.6,same-wrap,,,,,B_cut
7821,9692,same-sheet,9.8,27.1,same-wrap,,,,,
7828,7046,same-sheet,9.9,11.6,same-wrap,,,,,B_cut
7828,7575,same-sheet,8.4,13.2,same-wrap,,,,,B_cut
7842,7575,same-sheet,9.4,19.6,same-wrap,,,,,
8078,8261,same-sheet,9.8,39.9,same-wrap,,,,,B_cut
8078,8372,same-sheet,10.1,20.3,same-wrap,,,,,B_cut
8078,9464,same-sheet,9.8,40.0,same-wrap,,,,,B_cut
8078,9692,same-sheet,10.3,48.7,same-wrap,,,,,
8261,8372,same-sheet,12.9,24.2,same-wrap,,,,,B_cut
8261,11336,same-sheet,9.8,24.5,same-wrap,,,,,
8372,9464,same-sheet,9.8,25.2,same-wrap,,,,,B_cut
8372,11336,same-sheet,10.0,17.3,same-wrap,,,,,B_cut
8759,8815,same-sheet,8.7,12.2,same-wrap,,,,,
8759,8830,same-sheet,9.7,19.9,same-wrap,,,,,
8759,12742,same-sheet,8.9,12.3,same-wrap,,,,,B_cut
8759,22376,ambiguous,9.7,14.7,same-wrap,,,,,B_cut
8815,8866,same-sheet,10.0,21.2,same-wrap,,,,,B_cut
8815,11406,same-sheet,9.8,20.0,same-wrap,,,,,B_cut
8815,11892,same-sheet,11.0,29.7,same-wrap,,,,,
8815,12742,same-sheet,8.2,8.9,same-wrap,,,,,B_cut
8815,22733,same-sheet,8.1,8.1,same-wrap,,,,,
8830,12742,same-sheet,8.8,21.4,same-wrap,,,,,B_cut
8830,15018,same-sheet,10.9,23.3,same-wrap,,,,,
8830,22376,same-sheet,10.8,24.2,same-wrap,,,,,
8866,11406,same-sheet,10.5,23.6,same-wrap,,,,,B_cut
8866,11892,same-sheet,9.7,13.5,same-wrap,,,,,B_cut
8866,18303,same-sheet,11.4,16.8,same-wrap,,,,,B_cut
8866,22733,untestable,9.4,9.8,same-wrap,,,,,B_cut
8866,10953,same-sheet,14.1,18.3,same-wrap,,,,,B_cut
9464,9692,same-sheet,8.3,11.4,same-wrap,,,,,B_cut
9573,7575,same-sheet,10.7,23.2,same-wrap,,,,,B_cut
10594,14085,same-sheet,9.5,15.6,same-wrap,,,,,B_cut
10594,15018,same-sheet,9.4,12.2,same-wrap,,,,,B_cut
10594,15074,same-sheet,11.1,34.6,same-wrap,,,,,B_cut
10594,15244,untestable,9.1,10.0,same-wrap,,,,,B_cut
11406,11892,same-sheet,13.1,35.7,same-wrap,,,,,
11406,11949,untestable,11.4,11.8,same-wrap,,,,,
11406,10953,same-sheet,12.1,22.4,same-wrap,,,,,B_cut
11892,11949,same-sheet,10.2,27.7,same-wrap,,,,,
11892,10953,same-sheet,8.6,8.6,same-wrap,,,,,B_cut
12742,22376,same-sheet,10.2,34.0,same-wrap,,,,,B_cut
12742,22733,same-sheet,12.7,51.3,same-wrap,,,,,B_cut
14085,15074,same-sheet,10.0,18.9,same-wrap,,,,,
14085,15640,same-sheet,10.5,22.3,same-wrap,,,,,
15018,15283,untestable,9.2,10.6,same-wrap,,,,,B_cut
15018,22376,same-sheet,12.4,21.8,same-wrap,,,,,B_cut
15074,15244,same-sheet,10.1,37.5,same-wrap,,,,,B_cut
15074,15640,same-sheet,9.6,14.2,same-wrap,,,,,
15074,16324,same-sheet,9.1,14.0,same-wrap,,,,,B_cut
15244,15283,same-sheet,9.1,12.2,same-wrap,,,,,B_cut
15244,16324,same-sheet,12.5,13.2,same-wrap,,,,,B_cut
15244,16793,same-sheet,10.4,18.1,same-wrap,,,,,B_cut
15244,18303,same-sheet,14.1,24.9,same-wrap,,,,,B_cut
15283,18303,same-sheet,11.7,17.3,same-wrap,,,,,B_cut
15283,22376,same-sheet,11.9,45.1,same-wrap,,,,,B_cut
15283,22733,same-sheet,10.0,38.1,same-wrap,,,,,B_cut
16324,16428,same-sheet,10.5,44.8,same-wrap,,,,,B_cut
16324,16793,same-sheet,11.6,14.5,same-wrap,,,,,B_cut
16324,17041,same-sheet,8.0,9.5,same-wrap,,,,,
16428,16793,untestable,9.9,15.4,same-wrap,,,,,B_cut
16793,17494,untestable,8.1,8.1,same-wrap,,,,,B_cut
16793,17041,same-sheet,8.4,8.5,same-wrap,,,,,B_cut
17494,20266,same-sheet,10.4,15.3,same-wrap,,,,,B_cut
17494,17041,same-sheet,9.3,13.4,same-wrap,,,,,B_cut
17775,18101,same-sheet,9.8,17.4,same-wrap,,,,,
18303,22733,untestable,9.9,9.9,same-wrap,,,,,B_cut
18303,10953,same-sheet,18.3,52.8,same-wrap,,,,,B_cut
20067,17041,same-sheet,11.1,76.9,same-wrap,,,,,
20079,23213,untestable,7.9,7.9,same-wrap,,,,,
20079,24666,untestable,10.0,11.6,same-wrap,,,,,
20079,20313,same-sheet,12.0,52.5,same-wrap,,,,,B_cut
20102,21550,same-sheet,10.6,32.6,same-wrap,,,,,B_cut
20102,23213,ambiguous,11.4,15.3,same-wrap,,,,,B_cut
20102,24666,same-sheet,32.8,104.2,same-wrap,52.6,59.9,0.88,,B_cut
20102,18774,same-sheet,10.1,34.9,same-wrap,,,,,
20102,21714,same-sheet,10.2,25.0,same-wrap,,,,,B_cut
21550,21596,same-sheet,10.9,20.3,same-wrap,,,,,
21550,18774,same-sheet,10.6,16.8,same-wrap,,,,,
21550,21622,same-sheet,8.5,13.0,same-wrap,,,,,
21550,21714,same-sheet,10.1,36.2,same-wrap,,,,,B_cut
21596,21622,same-sheet,9.8,12.5,same-wrap,,,,,
21596,21714,same-sheet,11.9,78.7,same-wrap,,,,,B_cut
21596,21831,same-sheet,8.9,21.6,same-wrap,,,,,
21796,22962,same-sheet,8.9,10.5,same-wrap,,,,,
21796,23455,same-sheet,10.9,20.2,same-wrap,,,,,
22128,21831,same-sheet,12.2,44.4,same-wrap,,,,,B_cut
22128,22600,same-sheet,10.9,20.7,same-wrap,,,,,B_cut
22376,22733,same-sheet,13.9,96.9,same-wrap,19.1,18.8,0.51,140.0,B_cut
22790,22600,same-sheet,8.3,10.4,same-wrap,,,,,
22962,23455,same-sheet,8.8,9.4,same-wrap,,,,,
22962,25218,same-sheet,8.5,17.3,same-wrap,,,,,
23213,23934,same-sheet,15.0,41.7,same-wrap,,,,,B_cut
23213,24492,same-sheet,10.1,18.9,same-wrap,,,,,B_cut
23213,24666,same-sheet,13.0,47.5,same-wrap,,,,,B_cut
23213,18774,untestable,10.4,10.6,same-wrap,,,,,
23213,20313,same-sheet,8.7,12.0,same-wrap,,,,,B_cut
23213,21714,same-sheet,11.8,19.3,same-wrap,,,,,B_cut
23455,23843,same-sheet,9.5,23.2,same-wrap,,,,,B_cut
23455,24061,same-sheet,9.0,20.5,same-wrap,,,,,B_cut
23455,25218,same-sheet,8.8,11.0,same-wrap,,,,,B_cut
23843,24061,same-sheet,9.0,25.8,same-wrap,,,,,B_cut
23843,24615,same-sheet,8.8,11.0,same-wrap,,,,,B_cut
23843,36784,same-sheet,8.9,8.9,same-wrap,,,,,
23934,24492,untestable,11.2,11.5,same-wrap,,,,,B_cut
23934,24615,ambiguous,209.9,833.4,adjacent,,,,,B_cut
23934,24787,same-sheet,10.9,26.4,same-wrap,,,,,B_cut
23934,27405,same-sheet,9.1,11.1,same-wrap,,,,,B_cut
23934,39706,ambiguous,110.1,346.6,adjacent,,,,,B_cut
23934,20313,ambiguous,29.3,111.2,adjacent,,,,,B_cut
23934,36784,ambiguous,113.1,316.0,adjacent,,,,,B_cut
24061,24615,same-sheet,8.2,8.6,same-wrap,,,,,B_cut
24061,28779,same-sheet,12.7,56.3,same-wrap,,,,,B_cut
24061,34259,same-sheet,13.0,36.0,same-wrap,,,,,B_cut
24553,24787,same-sheet,10.4,18.8,same-wrap,,,,,B_cut
24553,26244,same-sheet,11.5,19.8,same-wrap,,,,,B_cut
24553,27405,same-sheet,10.8,34.1,same-wrap,,,,,B_cut
24615,24813,untestable,8.7,8.7,same-wrap,,,,,
24615,29476,same-sheet,9.8,21.2,same-wrap,,,,,B_cut
24615,34259,same-sheet,9.9,16.8,same-wrap,,,,,B_cut
24615,39706,same-sheet,15.8,46.9,same-wrap,,,,,B_cut
24615,36784,same-sheet,11.0,39.5,same-wrap,,,,,B_cut
24666,18774,same-sheet,9.0,15.1,same-wrap,,,,,
24666,20313,same-sheet,10.8,67.2,same-wrap,,,,,B_cut
24787,26244,same-sheet,8.7,12.8,same-wrap,,,,,B_cut
24787,27405,same-sheet,9.0,13.2,same-wrap,,,,,B_cut
24813,29476,same-sheet,9.9,29.5,same-wrap,,,,,B_cut
24813,39706,same-sheet,8.2,15.7,same-wrap,,,,,B_cut
25218,25507,same-sheet,9.4,28.0,same-wrap,,,,,
25218,25841,same-sheet,10.4,43.2,same-wrap,,,,,
25507,25841,same-sheet,10.9,17.8,same-wrap,,,,,B_cut
25841,26854,same-sheet,10.0,18.5,same-wrap,,,,,
25841,28168,same-sheet,9.2,11.4,same-wrap,,,,,B_cut
25841,28779,untestable,8.1,8.1,same-wrap,,,,,B_cut
26244,27405,untestable,10.0,24.4,same-wrap,,,,,B_cut
26244,33491,same-sheet,12.6,22.2,same-wrap,,,,,B_cut
26244,22600,same-sheet,11.5,17.6,same-wrap,,,,,B_cut
26854,28168,same-sheet,9.1,20.9,same-wrap,,,,,B_cut
26854,28779,same-sheet,10.9,11.5,same-wrap,,,,,
28168,28779,same-sheet,8.3,8.3,same-wrap,,,,,B_cut
28168,31596,same-sheet,10.7,11.8,same-wrap,,,,,
28779,29279,same-sheet,9.0,21.2,same-wrap,,,,,B_cut
28779,31596,same-sheet,11.9,17.9,same-wrap,,,,,
28779,34259,same-sheet,10.3,22.6,same-wrap,,,,,B_cut
29279,29476,same-sheet,10.9,23.7,same-wrap,,,,,B_cut
29279,31344,same-sheet,10.7,26.9,same-wrap,,,,,B_cut
29279,31596,same-sheet,9.4,13.9,same-wrap,,,,,
29279,32103,same-sheet,13.3,16.9,same-wrap,,,,,
29279,34259,same-sheet,9.9,22.3,same-wrap,,,,,B_cut
29417,31740,same-sheet,10.2,23.2,same-wrap,,,,,
29417,35862,same-sheet,9.5,9.8,same-wrap,,,,,
29476,34259,same-sheet,8.3,8.3,same-wrap,,,,,B_cut
31344,31596,same-sheet,9.8,9.8,same-wrap,,,,,
31344,32103,same-sheet,8.2,11.6,same-wrap,,,,,
31344,32358,same-sheet,9.2,13.2,same-wrap,,,,,
31596,32358,same-sheet,11.4,18.4,same-wrap,,,,,
31740,35862,same-sheet,9.7,14.9,same-wrap,,,,,B_cut
31740,29783,same-sheet,10.2,28.8,same-wrap,,,,,
31740,41252,same-sheet,9.1,16.8,same-wrap,,,,,B_cut
32103,32358,same-sheet,9.4,24.2,same-wrap,,,,,
33416,36817,same-sheet,9.1,12.0,same-wrap,,,,,
33416,37418,untestable,8.0,8.0,same-wrap,,,,,
33416,29783,same-sheet,8.4,10.7,same-wrap,,,,,
33491,22600,same-sheet,10.3,35.3,same-wrap,,,,,B_cut
33986,34071,same-sheet,9.2,13.9,same-wrap,,,,,
33986,34161,same-sheet,10.4,19.6,same-wrap,,,,,
33986,39463,same-sheet,13.2,15.6,same-wrap,,,,,
34071,34161,same-sheet,11.9,21.1,same-wrap,,,,,
34071,39463,ambiguous,11.0,14.1,same-wrap,,,,,
34161,35864,same-sheet,9.5,18.4,same-wrap,,,,,
35862,35864,same-sheet,10.7,34.3,same-wrap,,,,,
35862,45992,same-sheet,9.2,30.5,same-wrap,,,,,
35862,41252,same-sheet,9.3,14.5,same-wrap,,,,,B_cut
35864,39483,same-sheet,10.2,14.5,same-wrap,,,,,
35864,45992,same-sheet,8.5,8.5,same-wrap,,,,,
35864,53676,same-sheet,10.8,29.7,same-wrap,,,,,B_cut
35864,39463,same-sheet,8.5,12.1,same-wrap,,,,,
36817,37418,same-sheet,10.6,19.6,same-wrap,,,,,B_cut
36817,41408,same-sheet,13.9,17.7,same-wrap,,,,,B_cut
36817,29783,same-sheet,9.3,26.4,same-wrap,,,,,
37320,39706,same-sheet,11.1,19.7,same-wrap,,,,,B_cut
37320,36784,same-sheet,10.9,46.5,same-wrap,,,,,B_cut
37418,41408,untestable,9.5,9.5,same-wrap,,,,,B_cut
37418,45992,same-sheet,30.6,145.5,same-wrap,116.4,16.2,1.58,,B_cut
37418,29783,same-sheet,10.3,26.0,same-wrap,,,,,B_cut
37418,41252,ambiguous,370.9,1723.5,same-wrap,11.2,18.7,2.47,,B_cut
39483,53676,same-sheet,9.6,25.9,same-wrap,,,,,
39483,39463,same-sheet,9.8,21.3,same-wrap,,,,,
39706,36784,same-sheet,18.0,59.3,same-wrap,,,,,B_cut
41408,45209,same-sheet,9.1,19.2,same-wrap,,,,,
41408,45992,same-sheet,9.9,21.4,same-wrap,,,,,B_cut
41408,53676,same-sheet,11.8,23.9,same-wrap,,,,,B_cut
45992,53676,same-sheet,10.3,23.3,same-wrap,,,,,B_cut
45992,41252,same-sheet,15.4,145.7,same-wrap,37.1,105.2,0.12,,B_cut
48605,52159,same-sheet,10.5,15.1,same-wrap,,,,,
48862,51179,same-sheet,10.7,21.2,same-wrap,,,,,A_rich
48862,51913,same-sheet,13.6,44.2,same-wrap,,,,,
48862,53702,same-sheet,10.8,16.4,same-wrap,,,,,A_rich
49378,50385,untestable,8.1,8.1,same-wrap,,,,,
49378,51172,same-sheet,10.4,19.1,same-wrap,,,,,
49378,51179,untestable,10.3,12.6,same-wrap,,,,,
50385,51172,same-sheet,9.2,19.9,same-wrap,,,,,
50385,51179,same-sheet,9.7,19.8,same-wrap,,,,,
50385,53702,untestable,9.3,9.3,same-wrap,,,,,
50402,50983,same-sheet,11.2,34.1,same-wrap,,,,,
50402,50738,same-sheet,8.9,11.8,same-wrap,,,,,
50983,35771,ambiguous,85.8,187.5,same-wrap,92.2,78.9,0.4,,
50983,50738,same-sheet,13.2,26.1,same-wrap,,,,,
51172,51179,same-sheet,10.9,42.0,same-wrap,,,,,
51172,53702,same-sheet,10.0,14.6,same-wrap,,,,,
51179,51913,same-sheet,14.6,45.6,same-wrap,,,,,A_rich
51179,53702,same-sheet,15.2,61.5,same-wrap,,,,,A_rich
51913,53702,same-sheet,12.5,47.1,same-wrap,,,,,A_rich
67658,67863,untestable,8.4,8.7,same-wrap,,,,,
67853,67863,same-sheet,22.4,50.7,same-wrap,,,,,
67853,67868,same-sheet,10.5,21.7,same-wrap,,,,,A_rich
67853,68225,same-sheet,10.3,15.4,same-wrap,,,,,A_rich
67853,88263,ambiguous,52.5,190.6,adjacent,,,,,A_rich
67863,67868,same-sheet,11.6,43.2,same-wrap,,,,,
67863,67695,same-sheet,8.6,12.0,same-wrap,,,,,
67868,68225,same-sheet,8.5,11.8,same-wrap,,,,,
75202,76500,same-sheet,9.4,45.8,same-wrap,,,,,
76697,76787,same-sheet,9.7,21.2,same-wrap,,,,,
76697,77112,ambiguous,10.9,38.6,same-wrap,,,,,
76697,78235,same-sheet,10.2,21.2,same-wrap,,,,,
76697,78543,same-sheet,10.0,11.2,same-wrap,,,,,
76697,84567,same-sheet,13.0,32.1,same-wrap,,,,,
76787,78235,same-sheet,8.3,13.8,same-wrap,,,,,
77112,78235,untestable,8.5,8.5,same-wrap,,,,,
77112,78543,same-sheet,8.4,11.6,same-wrap,,,,,
77112,84567,same-sheet,10.0,19.8,same-wrap,,,,,
78235,78543,same-sheet,9.1,21.1,same-wrap,,,,,A_rich
78235,84567,same-sheet,8.6,11.2,same-wrap,,,,,A_rich
78543,78912,same-sheet,9.8,24.6,same-wrap,,,,,A_rich
78543,84567,same-sheet,9.2,18.2,same-wrap,,,,,A_rich
78543,88262,same-sheet,10.7,17.8,same-wrap,,,,,A_rich
78912,84655,same-sheet,9.4,9.4,same-wrap,,,,,
84567,88262,ambiguous,10.6,17.7,same-wrap,,,,,
84655,88262,same-sheet,15.3,63.3,same-wrap,,,,,A_rich
84655,88263,same-sheet,13.2,64.6,same-wrap,,,,,A_rich
89934,90031,same-sheet,10.0,23.8,same-wrap,,,,,A_rich
89934,90032,same-sheet,9.9,18.2,same-wrap,,,,,
89934,90086,same-sheet,10.1,21.1,same-wrap,,,,,A_rich
89934,91954,same-sheet,8.7,25.0,same-wrap,,,,,
89934,93631,same-sheet,14.1,32.8,same-wrap,,,,,A_rich
89934,93827,same-sheet,10.8,27.4,same-wrap,,,,,A_rich
89934,94387,same-sheet,10.8,19.1,same-wrap,,,,,A_rich
90031,90032,same-sheet,10.6,35.2,same-wrap,,,,,A_rich
90031,90086,same-sheet,10.3,30.7,same-wrap,,,,,A_rich
90031,91954,untestable,8.0,8.0,same-wrap,,,,,A_rich
90031,94387,same-sheet,9.3,14.0,same-wrap,,,,,A_rich
90032,90086,same-sheet,9.8,25.4,same-wrap,,,,,
90032,91954,same-sheet,10.0,10.3,same-wrap,,,,,A_rich
90086,91391,same-sheet,9.1,17.7,same-wrap,,,,,A_rich
90086,91758,same-sheet,10.5,17.4,same-wrap,,,,,
90086,91954,same-sheet,9.0,17.4,same-wrap,,,,,A_rich
90086,93234,untestable,8.5,8.5,same-wrap,,,,,A_rich
90086,93567,same-sheet,9.4,13.4,same-wrap,,,,,A_rich
91391,91758,same-sheet,11.1,40.8,same-wrap,,,,,
91391,91954,same-sheet,9.1,24.0,same-wrap,,,,,
91391,93234,untestable,8.3,8.5,same-wrap,,,,,
91758,91954,same-sheet,9.3,24.2,same-wrap,,,,,A_rich
91758,93234,same-sheet,11.0,35.6,same-wrap,,,,,A_rich
91758,93567,same-sheet,9.0,17.0,same-wrap,,,,,A_rich
93234,93567,same-sheet,10.6,31.3,same-wrap,,,,,A_rich
93631,93827,same-sheet,9.8,11.5,same-wrap,,,,,A_rich
93631,94387,same-sheet,10.4,17.6,same-wrap,,,,,A_rich
93631,93844,same-sheet,9.4,12.9,same-wrap,,,,,
93827,94387,same-sheet,10.5,21.2,same-wrap,,,,,A_rich
93827,93844,same-sheet,11.7,36.7,same-wrap,,,,,
94387,93844,same-sheet,11.8,42.2,same-wrap,,,,,
110095,110270,untestable,8.9,12.3,same-wrap,,,,,A_rich
110095,110422,same-sheet,9.3,13.6,same-wrap,,,,,A_rich
110095,115469,untestable,8.2,8.2,unresolved,,,,,A_rich
110270,110422,untestable,8.9,8.9,same-wrap,,,,,
110270,114275,untestable,8.1,8.2,unresolved,,,,,
110270,112481,untestable,10.0,10.7,unresolved,,,,,A_rich
110422,114275,untestable,10.2,10.6,unresolved,,,,,A_rich
110422,115469,untestable,8.7,15.1,same-wrap,,,,,
110422,111200,same-sheet,10.3,23.5,same-wrap,,,,,
110915,110955,same-sheet,10.5,23.1,same-wrap,,,,,
110915,111128,same-sheet,10.2,25.6,same-wrap,,,,,
110955,111031,same-sheet,9.4,19.3,same-wrap,,,,,
110955,111128,same-sheet,9.5,23.1,same-wrap,,,,,A_rich
110955,112068,untestable,8.0,8.0,same-wrap,,,,,A_rich
111031,111128,same-sheet,10.4,29.4,same-wrap,,,,,A_rich
111031,111668,same-sheet,9.8,14.5,same-wrap,,,,,
111031,112068,same-sheet,11.4,45.1,same-wrap,,,,,A_rich
111128,111668,same-sheet,10.1,16.2,same-wrap,,,,,A_rich
111128,111703,same-sheet,9.5,15.0,same-wrap,,,,,A_rich
111128,112068,same-sheet,9.6,16.3,same-wrap,,,,,A_rich
111128,112177,same-sheet,9.8,16.7,same-wrap,,,,,A_rich
111128,112278,same-sheet,10.5,25.1,same-wrap,,,,,A_rich
111668,111703,same-sheet,13.3,31.2,same-wrap,,,,,A_rich
111668,112068,same-sheet,10.1,19.6,same-wrap,,,,,A_rich
111668,112278,same-sheet,8.6,10.2,same-wrap,,,,,A_rich
111703,112177,same-sheet,10.3,27.6,same-wrap,,,,,A_rich
111703,112278,same-sheet,12.8,23.6,same-wrap,,,,,A_rich
112177,112278,same-sheet,9.7,22.7,same-wrap,,,,,A_rich
112543,114275,untestable,8.8,8.8,unresolved,,,,,
112543,112481,same-sheet,9.1,10.8,unresolved,,,,,
112543,112847,untestable,8.4,14.1,unresolved,,,,,
112543,112991,same-sheet,8.4,15.0,unresolved,,,,,
114275,115469,same-sheet,8.9,12.6,unresolved,,,,,A_rich
114275,112481,same-sheet,9.0,11.7,same-wrap,,,,,A_rich
114275,112991,untestable,10.2,20.7,same-wrap,,,,,
115469,111200,untestable,9.1,9.6,same-wrap,,,,,
119752,119893,same-sheet,11.5,41.0,same-wrap,,,,,
119752,119914,same-sheet,10.1,25.0,same-wrap,,,,,
119893,119914,same-sheet,11.0,31.4,same-wrap,,,,,A_rich
119893,121864,same-sheet,9.7,11.9,same-wrap,,,,,
119893,123107,ambiguous,9.2,12.3,same-wrap,,,,,A_rich
119893,124372,ambiguous,8.9,15.4,same-wrap,,,,,A_rich
119893,118813,untestable,8.2,8.2,same-wrap,,,,,
119914,124372,same-sheet,9.6,16.9,same-wrap,,,,,A_rich
119914,118813,same-sheet,9.8,21.1,same-wrap,,,,,A_rich
119914,120999,same-sheet,9.0,17.5,same-wrap,,,,,A_rich
119914,123838,switch,139.5,385.4,adjacent,,,,,A_rich
121864,123244,same-sheet,8.5,11.2,same-wrap,,,,,
122489,122809,same-sheet,8.6,12.0,same-wrap,,,,,
122489,123054,ambiguous,9.2,11.0,same-wrap,,,,,
122489,123107,same-sheet,30.0,54.9,same-wrap,,,,,A_rich
122489,123244,same-sheet,11.0,40.5,same-wrap,,,,,A_rich
122489,123578,untestable,10.2,10.2,same-wrap,,,,,
122809,123054,same-sheet,9.5,15.3,same-wrap,,,,,A_rich
122809,124372,untestable,9.1,9.1,same-wrap,,,,,A_rich
123054,123107,same-sheet,9.3,12.4,same-wrap,,,,,A_rich
123054,124372,same-sheet,9.5,12.5,same-wrap,,,,,A_rich
123107,123244,same-sheet,23.2,63.5,same-wrap,,,,,A_rich
123107,123636,ambiguous,61.4,132.9,adjacent,,,,,A_rich
123107,124372,same-sheet,8.2,8.5,same-wrap,,,,,A_rich
123244,123578,same-sheet,11.1,19.3,same-wrap,,,,,
123579,123586,same-sheet,8.3,8.4,same-wrap,,,,,A_rich
123579,124006,same-sheet,8.2,12.1,same-wrap,,,,,A_rich
123579,125904,same-sheet,8.7,8.7,same-wrap,,,,,
123579,123099,same-sheet,10.7,23.6,same-wrap,,,,,A_rich
123586,123596,same-sheet,13.1,30.0,same-wrap,,,,,A_rich
123586,124520,untestable,8.9,8.9,same-wrap,,,,,
123586,125904,same-sheet,8.7,8.7,same-wrap,,,,,A_rich
123586,126166,same-sheet,12.0,17.1,same-wrap,,,,,A_rich
123586,126348,same-sheet,8.7,9.0,same-wrap,,,,,A_rich
123586,127067,switch,124.5,283.8,adjacent,,,,,A_rich
123586,127661,switch,147.4,430.3,adjacent,,,,,A_rich
123586,128788,ambiguous,143.7,342.5,adjacent,,,,,A_rich
123586,130816,ambiguous,122.8,332.9,adjacent,,,,,A_rich
123586,132394,ambiguous,89.9,192.9,adjacent,,,,,A_rich
123586,123001,same-sheet,9.6,15.0,same-wrap,,,,,A_rich
123586,123099,same-sheet,10.0,15.7,same-wrap,,,,,A_rich
123586,123838,same-sheet,10.7,34.8,same-wrap,,,,,
123586,124194,same-sheet,10.2,19.9,same-wrap,,,,,
123586,126170,same-sheet,10.7,24.9,adjacent,,,,,A_rich
123596,123636,untestable,63.1,63.1,adjacent,,,,,A_rich
123596,123861,same-sheet,13.7,21.3,same-wrap,,,,,
123596,126166,same-sheet,8.5,10.7,same-wrap,,,,,A_rich
123596,127067,ambiguous,59.4,136.3,adjacent,,,,,A_rich
123596,126170,ambiguous,88.7,174.9,adjacent,,,,,A_rich
123636,123861,same-sheet,9.7,28.5,same-wrap,,,,,
123636,125904,same-sheet,9.9,18.3,same-wrap,,,,,
124006,123099,same-sheet,11.7,30.6,same-wrap,,,,,
124372,118813,same-sheet,9.0,17.4,same-wrap,,,,,A_rich
124372,120999,same-sheet,9.7,24.7,same-wrap,,,,,A_rich
124520,126166,same-sheet,12.0,21.3,same-wrap,,,,,
124520,126348,same-sheet,8.0,8.0,same-wrap,,,,,
124520,124194,same-sheet,10.0,30.7,same-wrap,,,,,
125307,127761,untestable,11.0,11.0,same-wrap,,,,,
125307,126170,same-sheet,10.1,23.0,same-wrap,,,,,
125683,126645,same-sheet,9.4,18.2,same-wrap,,,,,A_rich
125683,130213,same-sheet,9.9,18.1,same-wrap,,,,,A_rich
125904,123099,same-sheet,9.8,11.6,same-wrap,,,,,
126166,126348,same-sheet,10.7,21.0,same-wrap,,,,,
126645,127067,same-sheet,9.0,11.1,same-wrap,,,,,A_rich
126645,126170,same-sheet,8.0,12.9,same-wrap,,,,,A_rich
127067,127661,same-sheet,12.6,26.9,same-wrap,,,,,A_rich
127067,130595,same-sheet,9.7,10.9,same-wrap,,,,,A_rich
127067,126170,same-sheet,11.0,23.6,same-wrap,,,,,A_rich
127661,126170,same-sheet,16.0,78.5,same-wrap,,,,,A_rich
127761,128049,same-sheet,8.6,8.6,same-wrap,,,,,
127761,127464,same-sheet,9.3,10.2,same-wrap,,,,,
128049,130595,same-sheet,10.6,34.5,same-wrap,,,,,A_rich
128049,126170,same-sheet,13.1,79.3,adjacent,,,,,A_rich
128146,128788,same-sheet,10.2,21.2,same-wrap,,,,,A_rich
128146,130816,same-sheet,9.5,15.5,same-wrap,,,,,A_rich
128146,134397,ambiguous,62.2,222.6,adjacent,,,,,A_rich
128146,127464,same-sheet,8.5,9.6,same-wrap,,,,,
128788,130816,same-sheet,9.1,19.8,same-wrap,,,,,A_rich
128788,134397,ambiguous,240.6,337.8,adjacent,,,,,A_rich
128978,130816,same-sheet,9.7,17.8,same-wrap,,,,,
130213,129374,same-sheet,11.2,24.4,same-wrap,,,,,A_rich
130595,134119,ambiguous,169.1,722.3,adjacent,,,,,A_rich
130595,134252,ambiguous,199.9,703.6,adjacent,,,,,A_rich
130595,134397,ambiguous,65.6,157.2,adjacent,,,,,A_rich
130595,134483,ambiguous,119.1,612.4,adjacent,,,,,A_rich
130816,132394,same-sheet,17.2,39.8,same-wrap,,,,,A_rich
132394,123001,ambiguous,91.3,190.5,adjacent,,,,,A_rich
132394,129374,same-sheet,10.8,53.7,same-wrap,,,,,A_rich
133008,133669,untestable,8.4,8.6,same-wrap,,,,,
133008,133079,same-sheet,9.5,19.6,same-wrap,,,,,A_rich
133185,133198,same-sheet,8.8,10.4,same-wrap,,,,,A_rich
133185,133350,untestable,8.5,10.2,same-wrap,,,,,
133185,134100,same-sheet,13.9,21.9,same-wrap,,,,,A_rich
133185,134119,same-sheet,11.7,30.8,same-wrap,,,,,A_rich
133185,134483,same-sheet,11.3,33.0,same-wrap,,,,,A_rich
133185,133079,same-sheet,9.7,14.0,same-wrap,,,,,A_rich
133198,134100,same-sheet,10.7,20.9,same-wrap,,,,,A_rich
133198,134483,same-sheet,10.1,15.7,same-wrap,,,,,A_rich
133226,133339,same-sheet,8.9,9.6,same-wrap,,,,,
133226,133593,same-sheet,10.7,18.4,same-wrap,,,,,
133226,133785,same-sheet,12.2,56.3,same-wrap,,,,,A_rich
133339,133467,untestable,8.6,8.7,same-wrap,,,,,
133339,133593,same-sheet,10.8,22.7,same-wrap,,,,,
133339,133785,same-sheet,10.1,13.8,same-wrap,,,,,
133350,134100,same-sheet,10.7,18.2,same-wrap,,,,,
133350,134528,same-sheet,9.9,22.0,same-wrap,,,,,
133467,133593,same-sheet,9.6,19.4,same-wrap,,,,,A_rich
133467,144203,switch,113.7,205.0,adjacent,,,,,A_rich
133593,133785,same-sheet,10.9,19.0,same-wrap,,,,,A_rich
133593,144203,ambiguous,75.6,136.3,adjacent,,,,,A_rich
133669,134119,same-sheet,16.9,16.9,same-wrap,,,,,A_rich
133669,133079,same-sheet,9.9,26.6,same-wrap,,,,,A_rich
133785,134252,same-sheet,12.8,19.3,same-wrap,,,,,A_rich
134100,134119,same-sheet,17.9,67.9,same-wrap,,,,,A_rich
134100,134483,same-sheet,12.0,36.1,same-wrap,,,,,A_rich
134100,134528,same-sheet,14.6,27.8,same-wrap,,,,,
134100,133079,same-sheet,16.2,34.1,unresolved,,,,,A_rich
134119,134252,same-sheet,8.5,11.2,same-wrap,,,,,A_rich
134119,134397,same-sheet,8.3,8.5,same-wrap,,,,,A_rich
134119,134483,same-sheet,17.2,61.4,same-wrap,,,,,A_rich
134119,133079,same-sheet,10.6,36.3,same-wrap,,,,,A_rich
134252,134397,same-sheet,9.6,11.9,same-wrap,,,,,A_rich
134252,134483,same-sheet,9.5,17.0,same-wrap,,,,,A_rich
134252,133079,same-sheet,9.3,16.8,same-wrap,,,,,A_rich
134397,134483,same-sheet,10.6,22.4,same-wrap,,,,,A_rich
134479,134649,same-sheet,10.0,16.5,same-wrap,,,,,
134479,134773,same-sheet,10.0,23.3,same-wrap,,,,,
134479,134853,same-sheet,9.0,15.9,same-wrap,,,,,
134479,136033,same-sheet,10.4,16.9,same-wrap,,,,,A_rich
134483,134528,same-sheet,9.3,18.5,same-wrap,,,,,
134483,134644,same-sheet,9.8,17.6,same-wrap,,,,,A_rich
134483,134773,same-sheet,9.0,12.9,same-wrap,,,,,A_rich
134483,134853,same-sheet,9.1,10.5,same-wrap,,,,,
134483,135164,same-sheet,8.9,12.7,same-wrap,,,,,
134483,133079,same-sheet,9.9,13.2,same-wrap,,,,,A_rich
134644,134773,same-sheet,9.5,17.2,same-wrap,,,,,A_rich
134644,134853,same-sheet,11.4,29.6,same-wrap,,,,,
134644,135164,same-sheet,9.7,20.1,same-wrap,,,,,
134649,134773,same-sheet,9.7,15.8,same-wrap,,,,,A_rich
134649,134853,same-sheet,9.0,14.3,same-wrap,,,,,
134649,136033,same-sheet,9.9,12.4,same-wrap,,,,,
134773,134853,same-sheet,9.3,23.4,same-wrap,,,,,
134773,136033,same-sheet,9.4,11.8,same-wrap,,,,,A_rich
134853,136033,same-sheet,9.4,12.9,same-wrap,,,,,
141857,142041,same-sheet,9.3,23.9,same-wrap,,,,,
141857,141870,same-sheet,9.8,18.6,same-wrap,,,,,
142041,142081,same-sheet,10.2,28.2,same-wrap,,,,,A_rich
142041,142346,same-sheet,9.4,16.9,same-wrap,,,,,A_rich
142041,145513,same-sheet,8.9,9.7,same-wrap,,,,,A_rich
142041,141870,same-sheet,9.1,10.7,same-wrap,,,,,
142081,142346,same-sheet,8.1,9.7,same-wrap,,,,,A_rich
142081,144361,untestable,10.4,13.4,same-wrap,,,,,A_rich
142081,145513,untestable,8.0,8.1,same-wrap,,,,,A_rich
142346,143510,same-sheet,8.8,12.3,same-wrap,,,,,A_rich
142346,144203,same-sheet,9.0,16.1,same-wrap,,,,,A_rich
142346,144308,same-sheet,10.3,20.7,same-wrap,,,,,A_rich
143231,144084,same-sheet,10.2,17.3,same-wrap,,,,,A_rich
143231,144203,same-sheet,10.1,18.6,same-wrap,,,,,A_rich
143231,142896,same-sheet,10.3,22.2,same-wrap,,,,,
143510,144203,same-sheet,10.8,19.4,same-wrap,,,,,A_rich
144084,144160,same-sheet,9.9,32.4,same-wrap,,,,,
144084,151425,ambiguous,73.2,263.0,adjacent,,,,,A_rich
144084,142896,same-sheet,8.4,8.4,same-wrap,,,,,
144160,144365,same-sheet,11.0,30.2,same-wrap,,,,,A_rich
144160,146581,same-sheet,11.0,20.4,same-wrap,,,,,A_rich
144160,145768,same-sheet,10.6,19.5,same-wrap,,,,,A_rich
144203,142896,same-sheet,9.0,11.9,same-wrap,,,,,
144208,144236,same-sheet,8.5,11.8,same-wrap,,,,,A_rich
144208,144243,same-sheet,8.0,8.0,same-wrap,,,,,
144208,144361,same-sheet,8.7,11.1,same-wrap,,,,,A_rich
144208,144873,same-sheet,8.6,8.9,same-wrap,,,,,
144208,145513,untestable,7.9,7.9,same-wrap,,,,,A_rich
144208,145557,untestable,9.3,9.7,same-wrap,,,,,
144236,144243,same-sheet,9.9,16.5,same-wrap,,,,,
144236,144361,same-sheet,11.3,19.9,same-wrap,,,,,A_rich
144236,144365,same-sheet,10.4,20.8,same-wrap,,,,,
144236,144873,same-sheet,11.8,31.8,same-wrap,,,,,
144243,144361,untestable,8.1,8.1,same-wrap,,,,,
144243,144365,same-sheet,8.4,8.9,same-wrap,,,,,
144243,144873,same-sheet,9.6,30.8,same-wrap,,,,,
144308,146581,same-sheet,13.7,22.1,same-wrap,,,,,A_rich
144308,145768,same-sheet,16.6,37.2,same-wrap,,,,,A_rich
144361,144365,same-sheet,10.5,12.1,same-wrap,,,,,A_rich
144361,145513,same-sheet,9.0,13.1,same-wrap,,,,,A_rich
144361,145557,same-sheet,10.8,15.3,same-wrap,,,,,A_rich
144361,146581,same-sheet,9.0,15.5,same-wrap,,,,,A_rich
144365,146581,same-sheet,10.4,29.1,same-wrap,,,,,A_rich
145513,145557,same-sheet,9.3,20.4,same-wrap,,,,,A_rich
145628,149405,ambiguous,11.8,34.3,same-wrap,,,,,A_rich
145628,149401,same-sheet,11.0,30.8,same-wrap,,,,,A_rich
145628,152342,ambiguous,12.0,43.2,same-wrap,,,,,A_rich
145835,149401,same-sheet,97.6,118.9,adjacent,,,,,
145835,152342,switch,110.7,185.4,adjacent,,,,,
145835,152578,ambiguous,70.8,131.7,adjacent,,,,,
145835,153302,switch,108.7,197.8,adjacent,,,,,
146090,146586,ambiguous,51.6,76.3,adjacent,,,,,A_rich
146090,150217,switch,73.1,122.8,adjacent,,,,,A_rich
146090,146003,same-sheet,17.8,55.9,same-wrap,,,,,A_rich
146090,146266,ambiguous,70.5,135.3,adjacent,,,,,A_rich
146090,146493,same-sheet,11.0,14.4,same-wrap,,,,,A_rich
146090,146687,switch,71.6,102.9,adjacent,,,,,A_rich
146090,146835,same-sheet,8.7,8.7,same-wrap,,,,,A_rich
146090,146868,ambiguous,16.0,71.9,same-wrap,,,,,A_rich
146090,147012,ambiguous,68.3,136.9,adjacent,,,,,A_rich
146565,146987,same-sheet,24.0,47.1,same-wrap,,,,,A_rich
146565,147149,untestable,22.7,45.1,same-wrap,,,,,
146565,148614,same-sheet,11.0,15.6,same-wrap,,,,,A_rich
146565,146235,ambiguous,254.4,403.5,adjacent,,,,,
146565,146493,same-sheet,9.0,21.0,same-wrap,,,,,A_rich
146565,146915,same-sheet,12.2,45.8,same-wrap,,,,,A_rich
146565,147178,same-sheet,13.2,48.7,same-wrap,,,,,A_rich
146581,145768,same-sheet,11.5,32.2,same-wrap,,,,,A_rich
146586,146668,same-sheet,8.4,10.7,same-wrap,,,,,A_rich
146586,146857,untestable,8.8,8.8,same-wrap,,,,,A_rich
146586,147901,untestable,8.2,8.2,same-wrap,,,,,A_rich
146586,150217,same-sheet,8.8,25.2,same-wrap,,,,,A_rich
146586,146266,same-sheet,23.4,71.6,same-wrap,,,,,A_rich
146586,146687,same-sheet,19.2,50.8,adjacent,,,,,A_rich
146586,146835,ambiguous,61.4,95.7,adjacent,,,,,A_rich
146586,146868,ambiguous,83.6,230.2,adjacent,,,,,A_rich
146586,147012,same-sheet,10.9,26.3,same-wrap,,,,,A_rich
146586,148270,same-sheet,10.7,13.1,same-wrap,,,,,
146586,148460,untestable,14.6,14.6,unresolved,,,,,A_rich
146668,146838,same-sheet,10.2,35.8,same-wrap,,,,,A_rich
146668,150217,same-sheet,11.2,26.2,same-wrap,,,,,A_rich
146668,146266,same-sheet,48.3,73.5,adjacent,,,,,A_rich
146668,146687,same-sheet,16.9,52.4,same-wrap,,,,,A_rich
146668,147012,same-sheet,9.0,11.0,same-wrap,,,,,
146668,147226,same-sheet,11.2,19.5,same-wrap,,,,,A_rich
146668,148270,untestable,8.9,9.8,same-wrap,,,,,
146838,150217,same-sheet,9.7,27.8,same-wrap,,,,,A_rich
146838,147012,same-sheet,9.5,15.0,same-wrap,,,,,A_rich
146838,147226,same-sheet,12.8,200.7,same-wrap,45.5,21.2,0.33,,A_rich
146857,147030,same-sheet,9.7,26.1,same-wrap,,,,,A_rich
146857,147544,same-sheet,8.4,8.5,same-wrap,,,,,A_rich
146857,147901,same-sheet,10.0,13.9,same-wrap,,,,,A_rich
146857,150217,same-sheet,9.1,13.0,same-wrap,,,,,A_rich
146857,146266,same-sheet,9.1,17.4,same-wrap,,,,,A_rich
146857,146687,same-sheet,9.8,14.4,same-wrap,,,,,A_rich
146857,147012,same-sheet,8.7,8.7,same-wrap,,,,,A_rich
146857,148270,same-sheet,9.5,14.5,same-wrap,,,,,A_rich
146857,148460,same-sheet,9.0,24.6,same-wrap,,,,,A_rich
146987,147594,same-sheet,9.4,11.7,same-wrap,,,,,A_rich
146987,147816,same-sheet,8.3,8.3,same-wrap,,,,,
146987,148614,same-sheet,15.5,50.9,unresolved,,,,,
146987,149736,untestable,8.5,11.0,same-wrap,,,,,A_rich
146987,151425,same-sheet,8.8,8.8,same-wrap,,,,,A_rich
146987,146235,same-sheet,11.2,41.1,same-wrap,,,,,A_rich
146987,146868,switch,89.3,185.9,adjacent,,,,,A_rich
146987,146915,ambiguous,56.2,111.7,adjacent,,,,,A_rich
146987,147178,ambiguous,55.5,111.7,adjacent,,,,,A_rich
147030,147544,same-sheet,8.6,10.5,same-wrap,,,,,A_rich
147030,148173,same-sheet,10.3,22.3,same-wrap,,,,,
147030,145997,switch,119.5,230.7,adjacent,,,,,A_rich
147030,146003,switch,106.1,234.3,adjacent,,,,,A_rich
147030,146266,untestable,16.2,16.2,adjacent,,,,,A_rich
147030,147012,same-sheet,9.4,10.3,same-wrap,,,,,A_rich
147030,148270,same-sheet,11.3,23.6,same-wrap,,,,,A_rich
147030,148460,same-sheet,9.1,9.1,unresolved,,,,,
147149,148436,same-sheet,10.7,10.7,same-wrap,,,,,A_rich
147149,146868,same-sheet,17.1,60.8,same-wrap,,,,,A_rich
147149,146915,same-sheet,10.2,17.2,same-wrap,,,,,A_rich
147149,147178,same-sheet,9.3,18.8,same-wrap,,,,,A_rich
147149,147549,untestable,8.5,8.5,same-wrap,,,,,
147274,148339,ambiguous,57.5,143.6,adjacent,,,,,A_rich
147274,146003,same-sheet,8.8,9.7,same-wrap,,,,,A_rich
147274,146835,same-sheet,8.4,11.1,same-wrap,,,,,A_rich
147274,146868,same-sheet,11.2,13.9,same-wrap,,,,,A_rich
147274,147888,same-sheet,11.0,66.3,adjacent,,,,,A_rich
147274,148358,ambiguous,133.2,321.5,adjacent,,,,,A_rich
147274,148460,switch,120.3,303.8,adjacent,,,,,A_rich
147544,148173,same-sheet,9.6,12.4,same-wrap,,,,,
147544,148488,untestable,9.0,9.0,same-wrap,,,,,
147544,145997,switch,161.4,398.5,adjacent,,,,,A_rich
147544,148392,same-sheet,9.8,33.4,same-wrap,,,,,A_rich
147544,148460,same-sheet,9.9,15.5,same-wrap,,,,,A_rich
147544,148579,same-sheet,11.0,24.7,same-wrap,,,,,A_rich
147544,152578,ambiguous,68.7,148.4,adjacent,,,,,A_rich
147594,147816,same-sheet,8.7,8.9,same-wrap,,,,,
147594,148614,same-sheet,9.9,15.4,same-wrap,,,,,A_rich
147594,149736,untestable,9.9,11.6,same-wrap,,,,,A_rich
147594,153535,same-sheet,10.6,11.6,same-wrap,,,,,A_rich
147594,146235,same-sheet,11.0,30.0,same-wrap,,,,,A_rich
147594,146868,switch,88.2,194.8,adjacent,,,,,A_rich
147594,146915,ambiguous,82.5,300.0,adjacent,,,,,A_rich
147594,147178,switch,101.4,313.3,adjacent,,,,,A_rich
147594,147764,same-sheet,65.3,141.6,adjacent,,,,,
147594,147958,same-sheet,8.5,10.3,same-wrap,,,,,A_rich
147816,148436,ambiguous,123.9,391.6,adjacent,,,,,A_rich
147816,149161,untestable,8.5,8.5,same-wrap,,,,,
147816,146235,same-sheet,9.1,11.9,same-wrap,,,,,
147816,147549,ambiguous,115.8,387.6,adjacent,,,,,
147816,147764,ambiguous,108.6,378.4,adjacent,,,,,
147816,147958,same-sheet,11.4,14.2,same-wrap,,,,,
147897,147967,same-sheet,8.0,8.0,same-wrap,,,,,
147897,150217,same-sheet,9.8,28.0,same-wrap,,,,,A_rich
147897,163076,ambiguous,109.2,470.0,adjacent,,,,,A_rich
147897,163132,switch,97.7,178.0,adjacent,,,,,
147897,147226,same-sheet,13.6,564.3,same-wrap,16.2,10.5,0.64,160.0,A_rich
147897,148587,same-sheet,9.0,9.0,same-wrap,,,,,A_rich
147901,150217,same-sheet,10.3,55.2,adjacent,,,,,A_rich
147901,146687,same-sheet,9.1,10.5,same-wrap,,,,,A_rich
147901,147012,same-sheet,8.2,8.5,same-wrap,,,,,A_rich
147901,148460,same-sheet,9.2,15.3,same-wrap,,,,,A_rich
147901,148587,untestable,8.4,8.4,same-wrap,,,,,A_rich
147967,148587,same-sheet,8.4,9.0,same-wrap,,,,,
148173,146003,switch,137.0,306.1,adjacent,,,,,A_rich
148173,148270,same-sheet,8.9,14.6,same-wrap,,,,,
148173,148392,same-sheet,8.7,18.9,same-wrap,,,,,
148173,148460,same-sheet,9.3,11.3,same-wrap,,,,,
148339,148720,same-sheet,9.4,19.0,same-wrap,,,,,
148339,147888,ambiguous,110.6,329.7,adjacent,,,,,A_rich
148339,148358,same-sheet,13.6,57.9,same-wrap,,,,,A_rich
148339,148460,same-sheet,10.9,59.3,same-wrap,,,,,A_rich
148339,148587,same-sheet,10.8,62.9,same-wrap,,,,,A_rich
148436,148801,same-sheet,8.4,9.7,same-wrap,,,,,
148436,150217,switch,155.3,684.5,adjacent,,,,,A_rich
148436,150914,untestable,8.6,8.6,unresolved,,,,,A_rich
148436,153535,ambiguous,62.7,106.3,adjacent,,,,,A_rich
148436,146868,untestable,22.1,35.5,same-wrap,,,,,A_rich
148436,147549,same-sheet,14.2,55.5,same-wrap,,,,,
148436,147764,ambiguous,92.9,173.3,adjacent,,,,,A_rich
148436,147958,ambiguous,88.8,174.5,adjacent,,,,,A_rich
148488,148392,same-sheet,9.5,17.7,same-wrap,,,,,
148488,148579,same-sheet,8.1,9.1,same-wrap,,,,,
148614,149736,same-sheet,9.6,11.4,same-wrap,,,,,A_rich
148614,151425,same-sheet,13.9,58.7,same-wrap,,,,,A_rich
148614,145450,ambiguous,59.9,110.6,unresolved,,,,,A_rich
148614,146235,same-sheet,11.5,26.4,same-wrap,,,,,A_rich
148614,146493,ambiguous,63.2,140.5,adjacent,,,,,A_rich
148614,146868,ambiguous,82.4,178.4,unresolved,,,,,A_rich
148614,146915,ambiguous,19.7,57.2,adjacent,,,,,A_rich
148614,147178,ambiguous,31.4,57.8,adjacent,,,,,A_rich
148720,154174,switch,85.3,258.9,adjacent,,,,,
148720,148358,same-sheet,10.9,15.0,same-wrap,,,,,
148720,148460,same-sheet,11.1,40.1,same-wrap,,,,,
148720,148579,same-sheet,8.4,10.7,same-wrap,,,,,
148801,149161,ambiguous,136.4,395.1,adjacent,,,,,
148801,147549,untestable,8.4,8.4,same-wrap,,,,,
148801,147764,same-sheet,25.3,70.3,adjacent,,,,,
149161,147764,ambiguous,135.2,381.5,adjacent,,,,,
149405,153798,same-sheet,8.7,9.8,same-wrap,,,,,A_rich
149405,149401,ambiguous,15.8,66.8,same-wrap,,,,,A_rich
149405,152342,ambiguous,15.7,63.6,same-wrap,,,,,A_rich
149405,153345,same-sheet,8.1,8.2,same-wrap,,,,,A_rich
149736,151425,untestable,9.6,10.8,same-wrap,,,,,A_rich
149736,146915,untestable,8.7,9.6,same-wrap,,,,,A_rich
150117,153535,ambiguous,72.2,221.9,adjacent,,,,,A_rich
150117,147764,same-sheet,11.1,14.5,same-wrap,,,,,
150117,147958,same-sheet,11.0,17.7,same-wrap,,,,,
150217,146266,same-sheet,25.5,70.4,same-wrap,,,,,A_rich
150217,146687,same-sheet,26.7,56.5,same-wrap,,,,,A_rich
150217,146835,switch,76.4,230.9,adjacent,,,,,A_rich
150217,146868,switch,80.1,253.1,adjacent,,,,,A_rich
150217,147012,same-sheet,12.2,25.2,same-wrap,,,,,A_rich
150217,147226,same-sheet,11.0,26.1,same-wrap,,,,,A_rich
150217,148358,untestable,8.2,8.2,same-wrap,,,,,A_rich
150217,148460,same-sheet,8.9,12.9,same-wrap,,,,,A_rich
150217,148587,same-sheet,10.3,28.2,same-wrap,,,,,A_rich
150914,153535,same-sheet,14.5,19.5,same-wrap,,,,,A_rich
150914,147958,switch,90.9,216.9,adjacent,,,,,A_rich
150914,151958,same-sheet,11.1,23.2,same-wrap,,,,,A_rich
151425,145768,switch,43.7,84.0,adjacent,,,,,A_rich
152087,152671,same-sheet,9.9,19.0,same-wrap,,,,,
152087,152881,same-sheet,10.5,16.3,same-wrap,,,,,
152087,153503,same-sheet,27.2,67.3,same-wrap,,,,,
152671,152881,same-sheet,8.6,9.2,same-wrap,,,,,
152671,153503,same-sheet,9.6,28.7,same-wrap,,,,,A_rich
152671,153798,same-sheet,13.5,32.7,same-wrap,,,,,A_rich
152671,153345,same-sheet,19.4,37.1,same-wrap,,,,,A_rich
152881,153114,same-sheet,8.6,9.7,same-wrap,,,,,
153535,153798,ambiguous,64.3,87.0,adjacent,,,,,A_rich
153535,146868,same-sheet,25.5,47.3,unresolved,,,,,A_rich
153535,147888,same-sheet,11.7,33.9,same-wrap,,,,,A_rich
153535,147958,same-sheet,45.6,76.6,unresolved,,,,,A_rich
153535,151958,ambiguous,9.8,18.2,same-wrap,,,,,A_rich
153798,147888,switch,134.8,337.2,adjacent,,,,,A_rich
153798,153114,same-sheet,9.7,17.5,same-wrap,,,,,A_rich
153798,153345,same-sheet,8.7,10.7,same-wrap,,,,,A_rich
154174,147888,untestable,8.8,9.5,same-wrap,,,,,
154174,153302,same-sheet,10.9,29.8,same-wrap,,,,,
163076,163132,same-sheet,12.7,20.2,same-wrap,,,,,
163076,163189,same-sheet,9.9,15.0,same-wrap,,,,,
163076,163218,same-sheet,9.8,24.1,same-wrap,,,,,A_rich
163076,163091,same-sheet,9.2,18.7,same-wrap,,,,,A_rich
163076,163113,same-sheet,9.5,15.5,same-wrap,,,,,A_rich
163132,163218,same-sheet,9.4,38.0,same-wrap,,,,,A_rich
163132,163251,same-sheet,9.1,17.6,same-wrap,,,,,A_rich
163132,163091,same-sheet,8.6,18.7,same-wrap,,,,,A_rich
163132,163113,same-sheet,9.8,14.4,same-wrap,,,,,A_rich
163169,163188,same-sheet,9.3,22.6,same-wrap,,,,,A_rich
163169,163251,untestable,9.8,14.0,same-wrap,,,,,A_rich
163169,163091,same-sheet,11.5,21.2,same-wrap,,,,,A_rich
163169,163108,untestable,8.4,8.4,same-wrap,,,,,A_rich
163169,163113,same-sheet,10.3,14.3,same-wrap,,,,,A_rich
163188,163251,ambiguous,9.2,27.6,same-wrap,,,,,A_rich
163188,163326,same-sheet,10.4,21.6,same-wrap,,,,,
163188,163479,same-sheet,10.5,28.9,same-wrap,,,,,A_rich
163188,163925,same-sheet,8.5,10.4,same-wrap,,,,,A_rich
163188,163091,same-sheet,10.3,28.9,same-wrap,,,,,A_rich
163188,163108,same-sheet,9.4,10.2,same-wrap,,,,,A_rich
163188,163113,same-sheet,9.2,10.2,same-wrap,,,,,A_rich
163189,163091,same-sheet,9.3,13.0,same-wrap,,,,,
163189,163108,same-sheet,8.6,11.6,same-wrap,,,,,
163218,163091,same-sheet,9.7,21.1,same-wrap,,,,,A_rich
163218,163113,same-sheet,10.8,22.9,same-wrap,,,,,A_rich
163251,163113,same-sheet,9.0,15.6,same-wrap,,,,,A_rich
163326,163479,same-sheet,10.7,15.6,same-wrap,,,,,
163479,163925,same-sheet,9.7,50.0,same-wrap,,,,,A_rich
163925,163108,untestable,8.0,8.0,same-wrap,,,,,A_rich
761,2279,same-sheet,23.2,81.0,same-wrap,21.6,32.0,36.21,140.0,B_cut
1717,1954,switch,97.1,151.0,adjacent,,,,,
1954,2279,ambiguous,71.4,147.6,adjacent,,,,,
3813,5314,same-sheet,10.6,17.4,same-wrap,,,,,
5314,5548,same-sheet,9.0,13.1,same-wrap,,,,,
5314,7046,ambiguous,160.5,635.8,adjacent,,,,,
21622,21714,same-sheet,13.8,74.9,same-wrap,,,,,B_cut
21622,21831,same-sheet,8.8,27.8,same-wrap,,,,,
21714,21831,same-sheet,16.9,77.9,same-wrap,,,,,B_cut
21831,22600,same-sheet,11.5,64.1,same-wrap,,,,,B_cut
29783,41252,same-sheet,28.5,77.8,same-wrap,,,,,B_cut
88262,88263,ambiguous,19.8,72.9,same-wrap,,,,,A_rich
112481,112847,untestable,9.8,19.0,unresolved,,,,,
112481,112991,ambiguous,8.4,17.2,same-wrap,,,,,A_rich
118813,120999,same-sheet,10.3,29.4,same-wrap,,,,,
118813,123838,switch,111.9,371.6,adjacent,,,,,A_rich
123001,123838,same-sheet,8.9,13.1,same-wrap,,,,,A_rich
123838,124194,same-sheet,8.9,34.5,same-wrap,,,,,
145450,146235,same-sheet,10.0,10.0,same-wrap,,,,,
145997,146003,same-sheet,8.9,14.0,same-wrap,,,,,
145997,148392,switch,113.9,278.7,adjacent,,,,,A_rich
145997,152578,same-sheet,13.3,49.2,same-wrap,,,,,
146003,146835,same-sheet,8.6,11.4,same-wrap,,,,,A_rich
146003,147888,same-sheet,15.3,19.8,same-wrap,,,,,A_rich
146003,148270,ambiguous,69.2,95.9,adjacent,,,,,A_rich
146003,148460,switch,113.1,265.0,adjacent,,,,,A_rich
146003,152578,same-sheet,8.0,8.0,same-wrap,,,,,
146235,146868,ambiguous,74.7,167.0,adjacent,,,,,A_rich
146235,146915,ambiguous,116.0,319.3,adjacent,,,,,A_rich
146235,147178,switch,155.1,395.8,adjacent,,,,,A_rich
146266,146687,same-sheet,46.1,71.4,adjacent,,,,,A_rich
146266,146835,ambiguous,68.6,107.8,adjacent,,,,,A_rich
146266,146868,ambiguous,68.1,210.9,adjacent,,,,,A_rich
146266,147012,same-sheet,35.8,75.3,adjacent,,,,,A_rich
146266,148270,same-sheet,10.1,16.5,same-wrap,,,,,A_rich
146266,148460,same-sheet,9.7,34.5,same-wrap,,,,,A_rich
146493,146809,same-sheet,9.2,15.3,same-wrap,,,,,
146493,146915,same-sheet,8.6,8.6,same-wrap,,,,,
146493,147012,ambiguous,222.1,695.9,adjacent,,,,,A_rich
146493,147178,same-sheet,9.3,11.0,same-wrap,,,,,
146493,148270,ambiguous,225.4,827.6,adjacent,,,,,
146687,146835,switch,70.1,132.5,adjacent,,,,,A_rich
146687,146868,ambiguous,67.4,136.0,adjacent,,,,,A_rich
146687,147012,same-sheet,22.6,54.9,unresolved,,,,,A_rich
146687,148460,same-sheet,8.5,9.1,same-wrap,,,,,A_rich
146809,147178,same-sheet,9.3,19.8,same-wrap,,,,,
146835,146868,same-sheet,22.2,94.7,same-wrap,45.0,17.2,144.01,,A_rich
146835,147012,switch,68.3,110.9,adjacent,,,,,A_rich
146835,147888,untestable,9.8,9.8,same-wrap,,,,,A_rich
146868,146915,same-sheet,30.7,101.5,unresolved,,,,,A_rich
146868,147012,ambiguous,78.7,223.7,adjacent,,,,,A_rich
146868,147178,same-sheet,12.0,28.4,same-wrap,,,,,A_rich
146915,147178,same-sheet,8.9,12.9,same-wrap,,,,,A_rich
147012,148270,same-sheet,9.5,16.7,same-wrap,,,,,A_rich
147012,148460,untestable,10.7,11.5,same-wrap,,,,,A_rich
147178,147549,same-sheet,11.1,39.2,same-wrap,,,,,
147226,148587,same-sheet,10.9,24.6,same-wrap,,,,,A_rich
147549,147764,same-sheet,37.1,90.5,adjacent,,,,,A_rich
147549,147958,same-sheet,54.5,120.7,adjacent,,,,,A_rich
147764,147958,same-sheet,46.0,94.3,adjacent,,,,,A_rich
147888,147965,untestable,9.3,10.9,same-wrap,,,,,A_rich
147888,148358,ambiguous,141.8,353.3,adjacent,,,,,A_rich
147888,148460,ambiguous,147.6,354.1,adjacent,,,,,A_rich
147888,151958,same-sheet,9.5,9.5,same-wrap,,,,,
147888,153302,same-sheet,17.4,38.3,unresolved,,,,,
148358,148460,same-sheet,11.2,41.0,same-wrap,,,,,A_rich
148358,148587,same-sheet,10.4,34.0,same-wrap,,,,,A_rich
148392,148460,same-sheet,8.5,18.0,same-wrap,,,,,
148392,148579,same-sheet,10.8,29.1,same-wrap,,,,,A_rich
148392,152578,switch,86.2,235.3,adjacent,,,,,
148460,148579,same-sheet,10.8,39.7,same-wrap,,,,,A_rich
148460,148587,same-sheet,10.9,28.2,same-wrap,,,,,A_rich
149401,152342,same-sheet,11.7,68.3,same-wrap,,,,,A_rich
149401,152578,ambiguous,75.5,130.8,adjacent,,,,,A_rich
149401,153302,same-sheet,14.7,70.9,same-wrap,,,,,A_rich
152342,152578,ambiguous,70.7,128.6,adjacent,,,,,A_rich
152342,153302,same-sheet,9.8,17.3,same-wrap,,,,,A_rich
152578,153302,same-sheet,11.7,34.2,same-wrap,,,,,
153114,153345,same-sheet,12.3,23.7,same-wrap,,,,,A_rich
153302,153345,same-sheet,55.3,99.9,same-wrap,65.6,36.4,0.01,,
163091,163108,same-sheet,9.2,15.4,same-wrap,,,,,A_rich
163091,163113,same-sheet,9.1,17.3,same-wrap,,,,,A_rich
