patch_a,patch_b,mid_x,mid_y,mid_z,defect
48,72,2526.502,1596.992,4349.501,ok
48,150,2493.966,1543.504,4306.338,ok
48,162,2598.074,1648.922,4405.59,ok
48,238,2597.723,1628.138,4527.781,ok
72,150,2603.443,1728.637,4320.855,ok
72,162,2595.957,1766.722,4443.928,ok
72,238,2601.933,1657.152,4432.261,ok
90,234,2639.426,1756.886,4726.768,ok
90,238,2632.467,1764.407,4591.486,ok
150,162,2606.532,1699.158,4387.67,ok
150,286,2602.72,1773.418,4240.522,ok
162,238,2604.554,1667.887,4423.278,ok
162,286,2580.43,1911.238,4198.149,ok
162,407,2562.86,1937.422,4246.905,ok
162,416,2574.929,1940.734,4271.592,ok
162,494,2567.994,1895.759,4429.633,ok
162,761,2563.108,1932.453,4393.152,ok
162,1120,2558.525,1970.566,4329.346,ok
234,238,2637.48,1744.776,4599.301,ok
234,494,2622.075,1800.537,4513.957,ok
234,761,2563.367,1921.955,4578.353,ok
234,1717,2587.558,1914.254,4694.364,ok
238,494,2615.904,1779.667,4496.168,ok
286,407,2583.419,1894.45,4088.01,ok
293,302,2482.896,1551.535,4816.71,ok
293,346,2374.062,1392.609,4523.339,ok
302,346,2460.997,1507.025,4591.082,ok
302,815,2567.443,1849.247,4768.479,ok
302,1144,2525.827,1698.078,4512.504,ok
346,962,2499.648,1567.799,4196.866,ok
346,1144,2499.028,1625.217,4277.955,ok
407,416,2553.265,1950.073,4255.214,ok
416,1120,2527.172,1977.105,4248.958,ok
416,7904,2540.907,1990.685,4300.234,ok
494,761,2604.986,1878.944,4507.448,ok
672,1009,2464.431,2030.09,4211.165,ok
672,1120,2454.408,2043.206,4201.743,ok
761,1158,2549.063,1902.039,4449.701,displaced
761,1849,2548.074,1933.78,4582.9,ok
761,2279,2515.969,2006.524,4494.648,ok
761,6252,2521.627,2007.809,4434.742,ok
815,1158,2551.612,1917.396,4566.673,ok
815,1849,2538.837,1933.652,4548.576,ok
815,1954,2524.021,1984.215,4702.008,ok
835,955,2613.787,1621.573,4633.539,ok
835,6007,2585.799,1565.588,4575.229,ok
835,6019,2632.931,1680.168,4423.491,ok
955,6007,2585.137,1570.217,4520.833,ok
962,1107,2502.302,1777.902,4337.644,ok
962,1144,2533.771,1905.388,4279.108,ok
1009,1120,2443.584,2130.924,4302.465,ok
1009,2279,2386.818,2172.343,4294.062,displaced
1107,1144,2532.605,1912.278,4283.686,ok
1107,1158,2533.065,1929.625,4431.521,ok
1120,2279,2542.831,1987.676,4372.205,ok
1120,7904,2439.411,2057.31,4243.359,displaced
1144,1158,2528.387,1911.873,4421.506,ok
1158,1849,2539.31,1935.421,4570.53,ok
1158,6252,2544.852,1941.957,4494.747,ok
1574,1752,2645.391,1631.306,4046.514,ok
1665,1954,2276.896,2180.138,4541.229,ok
1665,6859,2438.826,2033.598,4267.394,ok
1665,7904,2462.332,2016.828,4260.768,ok
1717,1954,2496.766,2006.654,4691.519,ok
1717,2350,2506.321,2045.255,4739.715,ok
1752,1836,2636.71,1736.748,4277.069,ok
1752,1851,2612.57,1906.651,4061.588,ok
1752,3566,2648.374,1901.616,4249.728,ok
1836,1851,2641.167,1948.781,4204.847,ok
1836,3566,2637.169,1930.831,4175.217,ok
1836,4181,2629.0,1784.865,4382.087,ok
1836,6019,2634.995,1734.957,4336.956,ok
1849,1954,2500.569,1978.157,4562.24,ok
1849,2279,2458.769,2029.265,4515.2,ok
1849,6252,2521.419,1954.708,4542.429,ok
1851,5314,2459.807,2108.17,4116.004,ok
1851,5548,2511.432,2051.497,4009.727,ok
1954,2279,2369.31,2081.145,4565.122,ok
1954,6252,2495.692,1979.467,4573.932,ok
2279,6252,2478.483,2048.931,4458.418,displaced
3566,3841,2573.606,2095.312,4379.708,ok
3566,3885,2575.28,2104.314,4351.848,ok
3566,4181,2609.844,1902.587,4329.747,ok
3566,5314,2571.438,2110.021,4355.692,ok
3566,7046,2577.019,2102.407,4383.306,ok
3813,3841,2412.896,2132.491,4479.862,ok
3813,5314,2393.502,2214.992,4373.376,ok
3841,4173,2651.661,1926.107,4622.482,ok
3841,4181,2669.977,1918.658,4576.903,ok
3841,4593,2651.917,1924.343,4629.636,ok
3841,5314,2575.97,2094.775,4363.598,ok
3885,5314,2572.213,2113.346,4345.703,ok
3885,7046,2524.972,2165.662,4318.259,ok
3945,4146,2272.549,2105.192,4420.964,ok
3945,4169,2382.49,1952.189,4334.498,ok
3945,4297,2364.76,1974.036,4218.644,ok
3945,4723,2406.016,2005.982,4475.749,ok
3945,4920,2408.401,2009.022,4490.003,ok
4146,4723,2464.41,1920.174,4481.425,ok
4146,4920,2378.922,1969.598,4359.437,ok
4146,5065,2465.0,1922.773,4484.586,ok
4146,5791,2464.764,1944.267,4522.474,ok
4169,4297,2460.421,1820.554,4266.093,ok
4169,4920,2397.463,1935.128,4316.086,ok
4169,5065,2458.35,1824.165,4290.144,ok
4173,4181,2685.699,1822.779,4583.066,ok
4173,4593,2651.505,1926.351,4620.076,ok
4181,4593,2667.888,1922.116,4566.587,ok
4181,6019,2627.001,1812.667,4343.613,ok
4297,4337,2429.3,1768.381,4111.433,ok
4297,4920,2434.343,1865.055,4323.24,ok
4297,4933,2438.657,1859.798,4313.711,ok
4297,5065,2477.946,1761.421,4273.08,ok
4337,4933,2476.452,1756.414,4252.397,ok
4337,7253,2461.224,1677.956,4124.755,displaced
4593,6007,2668.549,1695.405,4680.537,ok
4593,6019,2655.573,1801.59,4431.855,ok
4723,4920,2440.137,1963.122,4457.404,ok
4723,5065,2511.794,1821.718,4565.289,ok
4723,5551,2485.862,1876.202,4579.359,ok
4723,5791,2481.959,1885.586,4602.173,ok
4920,4933,2453.15,1776.762,4385.605,ok
4920,5065,2507.343,1802.375,4513.68,ok
4920,5551,2510.038,1839.725,4530.698,ok
4920,5791,2504.638,1791.419,4508.483,ok
4933,5065,2466.936,1682.713,4328.211,ok
5065,5069,2468.098,1592.137,4388.383,ok
5065,5527,2465.476,1676.722,4332.812,ok
5065,5551,2500.414,1865.106,4536.185,ok
5065,5791,2504.958,1672.126,4525.674,ok
5065,5869,2514.75,1701.087,4540.584,ok
5065,6200,2473.998,1637.302,4424.291,ok
5069,5527,2468.567,1593.009,4389.179,ok
5069,5551,2513.001,1717.429,4533.953,ok
5069,5791,2493.422,1605.759,4619.808,ok
5069,5869,2424.775,1509.586,4510.548,ok
5069,6200,2473.498,1639.689,4421.215,ok
5314,5548,2330.806,2240.333,4182.116,ok
5314,7046,2551.768,2130.044,4370.892,ok
5314,7146,2592.941,2074.855,4335.689,ok
5527,6200,2474.523,1644.198,4428.585,ok
5527,7253,2437.924,1545.514,4296.456,displaced
5551,5791,2486.118,1875.909,4578.543,ok
5613,5718,2674.284,1607.73,4102.729,ok
5613,7009,2616.565,1535.222,4297.38,ok
5613,7189,2671.191,1628.693,4248.746,ok
5718,6377,2667.382,1742.232,3932.889,ok
5718,6685,2647.307,1867.963,4060.534,ok
5718,6738,2688.018,1806.159,4169.525,ok
5718,7009,2704.279,1746.388,4231.893,ok
5791,5869,2499.002,1723.756,4860.067,ok
5869,6200,2390.105,1468.807,4665.88,ok
6200,7253,2460.486,1584.715,4313.025,ok
6377,6685,2534.106,2040.242,3971.97,ok
6377,6738,2657.428,1934.428,4179.095,ok
6685,6738,2648.362,1965.739,4254.027,ok
6685,6760,2616.055,2039.481,4285.6,ok
6738,6760,2676.415,1862.175,4381.968,ok
6738,7009,2704.298,1742.63,4228.434,ok
6738,9573,2674.58,1859.251,4386.992,ok
6760,7828,2643.377,1962.525,4410.399,ok
6760,9573,2676.495,1851.736,4379.872,ok
6859,7904,2477.671,2010.586,4271.878,ok
7009,7189,2592.218,1609.32,4362.582,ok
7009,7467,2659.651,1702.71,4316.471,ok
7046,7146,2578.908,2105.381,4347.459,ok
7046,7386,2503.743,2082.694,4573.36,ok
7046,7828,2593.194,2029.346,4572.49,ok
7086,7443,2488.114,1790.048,4623.755,ok
7086,7689,2430.7,1880.731,4514.261,ok
7086,7807,2442.112,1863.461,4514.509,ok
7086,9464,2482.663,1793.865,4667.881,ok
7086,9692,2334.245,1991.59,4609.742,ok
7146,7828,2660.269,1927.243,4428.087,ok
7189,7467,2510.834,1491.306,4375.165,ok
7189,7842,2615.275,1609.527,4469.974,ok
7386,7828,2636.538,1975.142,4615.613,ok
7443,7471,2475.003,1663.699,4625.365,ok
7443,7689,2486.999,1734.828,4627.432,ok
7443,7807,2485.589,1773.04,4604.888,ok
7443,9464,2486.637,1762.49,4621.419,ok
7467,7575,2653.745,1631.526,4553.695,ok
7467,7842,2551.505,1516.118,4453.934,ok
7467,9573,2709.217,1802.582,4474.708,ok
7471,7689,2478.671,1673.637,4638.479,ok
7471,8372,2414.516,1558.757,4467.008,ok
7471,9464,2411.375,1558.407,4486.05,ok
7575,7828,2697.156,1849.727,4508.117,ok
7575,7842,2691.699,1682.18,4696.576,ok
7575,9573,2684.24,1716.537,4461.057,ok
7689,7807,2483.654,1798.631,4660.903,ok
7689,7821,2434.248,1807.539,4467.023,ok
7689,9464,2485.724,1700.051,4632.897,ok
7689,9692,2434.564,1893.445,4561.29,ok
7807,7821,2430.465,1727.87,4397.872,ok
7807,8078,2333.934,1958.327,4383.033,ok
7807,8372,2431.783,1769.493,4344.73,ok
7807,9464,2459.421,1742.039,4494.958,ok
7807,9692,2408.634,1831.871,4369.075,ok
7821,8078,2434.455,1733.213,4355.855,ok
7821,8261,2427.708,1726.493,4254.591,ok
7821,8372,2442.511,1639.795,4380.025,ok
7821,9464,2447.819,1660.075,4418.25,ok
7821,9692,2416.831,1807.699,4420.579,ok
8078,8261,2388.16,1784.122,4114.519,ok
8078,8372,2429.974,1709.746,4247.374,ok
8078,9464,2439.354,1719.883,4314.702,ok
8078,9692,2363.875,1948.598,4280.637,ok
8261,8372,2429.088,1593.043,4229.113,ok
8261,11336,2396.758,1608.75,4085.257,ok
8372,9464,2445.534,1593.012,4470.973,ok
8372,11336,2426.788,1585.974,4247.097,ok
8759,8815,2624.765,1557.972,4653.123,ok
8759,8830,2759.507,1691.307,4648.658,ok
8759,12742,2680.569,1624.328,4545.852,ok
8759,22376,2760.823,1699.152,4627.726,ok
8815,8866,2653.896,1654.836,4337.834,ok
8815,11406,2654.744,1658.675,4372.435,ok
8815,11892,2657.293,1594.459,4312.992,displaced
8815,12742,2677.394,1627.354,4606.869,ok
8815,22733,2711.504,1659.832,4519.353,ok
8830,12742,2722.146,1649.037,4627.157,ok
8830,15018,2769.376,1778.376,4625.062,ok
8830,22376,2759.206,1689.41,4627.275,ok
8866,10953,2701.792,1773.54,4398.519,ok
8866,11406,2679.539,1733.934,4379.767,ok
8866,11892,2670.402,1636.024,4303.066,ok
8866,18303,2714.699,1773.411,4420.522,ok
8866,22733,2709.55,1769.689,4410.725,ok
9464,9692,2434.735,1850.048,4484.897,ok
10594,14085,2645.38,2026.71,4586.577,ok
10594,15018,2699.609,1924.265,4716.119,ok
10594,15074,2613.095,2018.86,4679.02,ok
10594,15244,2685.139,2001.722,4573.133,ok
10953,11406,2680.516,1740.213,4375.25,ok
10953,11892,2740.139,1728.659,4273.824,ok
10953,18303,2712.981,1832.747,4343.106,displaced
11406,11892,2658.934,1585.669,4310.432,displaced
11406,11949,2720.034,1670.454,4197.86,ok
11892,11949,2731.479,1681.405,4179.633,ok
12742,22376,2759.399,1696.367,4513.142,displaced
12742,22733,2756.156,1688.678,4536.905,ok
14085,15074,2542.298,2098.192,4644.348,ok
14085,15640,2571.219,2081.721,4686.425,ok
15018,15283,2757.572,1835.581,4570.126,ok
15018,22376,2765.074,1788.221,4659.996,ok
15074,15244,2641.554,2052.458,4444.166,ok
15074,15640,2569.593,2058.873,4659.095,ok
15074,16324,2576.693,2168.579,4526.345,ok
15244,15283,2693.986,1897.139,4443.285,ok
15244,16324,2627.755,2040.362,4402.805,ok
15244,16793,2631.64,2031.903,4402.181,ok
15244,18303,2747.119,1860.41,4462.047,displaced
15283,18303,2743.81,1855.382,4461.958,displaced
15283,22376,2784.099,1769.704,4509.372,displaced
15283,22733,2740.662,1762.037,4450.571,displaced
16324,16428,2549.753,2163.688,4347.438,ok
16324,16793,2625.869,2042.199,4397.453,ok
16324,17041,2624.179,2070.339,4360.876,ok
16428,16793,2636.782,2035.017,4417.074,ok
16793,17041,2684.326,1998.939,4234.469,ok
16793,17494,2697.238,1964.527,4265.225,ok
17041,17494,2665.186,2011.375,4264.195,ok
17041,20067,2593.785,2129.807,4209.034,ok
17494,20266,2689.391,1917.113,4148.712,ok
17775,18101,2398.006,1628.724,4789.539,ok
18303,22733,2712.057,1770.945,4415.372,ok
18774,20102,2760.701,1608.77,4760.017,ok
18774,21550,2740.192,1585.691,4784.918,ok
18774,23213,2773.874,1805.72,4646.923,ok
18774,24666,2798.159,1769.795,4652.668,ok
20079,20313,2724.864,1983.095,4580.356,ok
20079,23213,2739.966,1875.728,4639.857,ok
20079,24666,2743.896,1910.79,4674.0,ok
20102,21550,2766.568,1680.024,4569.51,ok
20102,21714,2775.349,1699.963,4498.575,ok
20102,23213,2793.633,1766.987,4541.903,ok
20102,24666,2795.687,1771.426,4600.533,ok
20313,23213,2767.114,1826.383,4620.006,ok
20313,23934,2736.759,2002.042,4559.501,ok
20313,24666,2771.078,1832.808,4579.975,ok
21550,21596,2585.518,1510.028,4439.696,ok
21550,21622,2575.788,1480.638,4472.851,ok
21550,21714,2661.618,1626.59,4454.195,ok
21596,21622,2681.458,1639.961,4385.087,ok
21596,21714,2667.865,1665.281,4425.343,ok
21596,21831,2679.043,1642.825,4387.163,ok
21622,21714,2667.705,1665.964,4424.366,ok
21622,21831,2664.322,1652.128,4420.247,ok
21714,21831,2690.454,1705.146,4404.23,displaced
21714,23213,2786.332,1726.395,4487.996,ok
21796,22962,2697.992,1484.075,4799.345,ok
21796,23455,2839.179,1724.144,4587.522,ok
21831,22128,2756.948,1611.612,4312.533,ok
21831,22600,2755.122,1732.225,4338.295,ok
22128,22600,2737.543,1793.759,4336.18,ok
22376,22733,2772.156,1739.348,4551.746,ok
22600,22790,2766.523,1727.555,4083.01,ok
22600,26244,2750.554,1898.019,4273.717,ok
22600,33491,2771.782,1908.327,4238.248,ok
22962,23455,2817.459,1669.108,4623.748,ok
22962,25218,2675.433,1618.093,4420.573,ok
23213,23934,2757.257,1951.277,4558.345,ok
23213,24492,2722.057,1829.046,4421.572,ok
23213,24666,2787.381,1793.308,4585.639,ok
23455,23843,2797.281,1737.369,4432.005,displaced
23455,24061,2826.66,1799.21,4490.066,ok
23455,25218,2717.469,1657.508,4440.824,ok
23843,24061,2823.034,1808.25,4473.893,ok
23843,24615,2831.714,1839.407,4538.723,ok
23843,36784,2827.043,1901.669,4513.713,ok
23934,24492,2706.14,1947.195,4370.947,ok
23934,24615,2797.586,1932.232,4476.685,displaced
23934,24787,2731.801,2014.544,4428.101,ok
23934,27405,2729.064,2028.384,4416.17,ok
23934,36784,2786.238,1965.277,4513.608,displaced
23934,39706,2743.551,2045.179,4501.884,ok
24061,24615,2833.495,1874.559,4500.321,ok
24061,28779,2743.535,1862.165,4359.949,ok
24061,34259,2742.062,1854.682,4341.51,ok
24553,24787,2715.017,2022.312,4352.926,ok
24553,26244,2702.851,2074.976,4262.063,ok
24553,27405,2599.462,2165.493,4341.202,ok
24615,24813,2782.635,2054.855,4375.005,ok
24615,29476,2808.412,1983.331,4407.909,ok
24615,34259,2773.808,1868.594,4385.255,ok
24615,36784,2742.386,2009.228,4553.001,ok
24615,39706,2739.016,2011.702,4555.249,ok
24787,26244,2725.351,1956.53,4305.417,ok
24787,27405,2725.236,2032.1,4378.793,displaced
24813,29476,2757.436,2100.758,4327.474,displaced
24813,39706,2706.414,2134.539,4486.417,ok
25218,25507,2743.711,1658.495,4367.557,ok
25218,25841,2696.764,1618.915,4386.605,ok
25507,25841,2779.99,1692.909,4353.767,ok
25841,26854,2802.679,1648.267,4133.12,ok
25841,28168,2798.034,1702.043,4180.466,ok
25841,28779,2801.906,1727.823,4318.744,ok
26244,27405,2713.228,2036.871,4356.706,ok
26244,33491,2724.326,2030.174,4210.27,ok
26854,28168,2795.945,1690.871,4220.371,ok
26854,28779,2804.507,1793.563,4169.402,ok
28168,28779,2806.826,1767.971,4300.219,ok
28168,31596,2804.841,1855.746,4160.353,ok
28779,29279,2739.029,1913.83,4328.735,ok
28779,31596,2807.029,1818.996,4166.721,ok
28779,34259,2751.457,1865.845,4367.73,ok
29279,29476,2728.767,2030.628,4280.134,ok
29279,31344,2763.457,2002.459,4238.819,ok
29279,31596,2786.764,2019.663,4190.889,displaced
29279,32103,2731.129,2050.809,4261.884,ok
29279,34259,2741.697,1896.917,4341.618,ok
29417,31740,2735.054,1509.458,4773.037,ok
29417,35862,2853.226,1770.772,4711.162,ok
29476,34259,2788.526,1981.841,4357.096,ok
29783,31740,2703.007,1531.613,4417.37,ok
29783,33416,2829.593,1619.717,4306.593,ok
29783,36817,2825.865,1676.472,4339.81,ok
29783,37418,2826.474,1663.865,4349.539,ok
29783,41252,2756.677,1692.062,4380.906,displaced
31344,31596,2787.395,1993.918,4217.114,ok
31344,32103,2739.139,2073.521,4172.583,ok
31344,32358,2753.733,2050.388,4207.221,ok
31596,32358,2731.695,2028.185,4037.253,ok
31740,35862,2837.917,1691.952,4521.976,ok
31740,41252,2806.036,1693.184,4476.686,ok
32103,32358,2611.648,2179.183,4196.093,ok
33416,36817,2841.493,1685.546,4294.703,ok
33416,37418,2825.798,1602.717,4336.232,ok
33986,34071,2839.792,2080.948,4560.181,ok
33986,34161,2832.169,2089.596,4561.846,ok
33986,39463,2811.068,2135.073,4490.324,ok
34071,34161,2847.27,2062.153,4554.786,ok
34071,39463,2790.402,2188.206,4431.574,ok
34161,35864,2853.256,1966.466,4526.065,ok
35771,50983,2716.122,2113.465,4200.289,ok
35862,35864,2869.781,1930.059,4549.679,ok
35862,41252,2845.0,1773.515,4448.829,ok
35862,45992,2836.09,1869.762,4435.145,ok
35864,39463,2848.919,2058.136,4466.741,ok
35864,39483,2820.209,2010.312,4386.118,ok
35864,45992,2822.654,1896.299,4404.558,ok
35864,53676,2822.426,1999.156,4375.36,ok
36784,37320,2731.583,2009.409,4623.952,ok
36784,39706,2730.973,2028.169,4551.02,ok
36817,37418,2815.752,1787.315,4351.461,ok
36817,41408,2809.224,1804.687,4338.978,ok
37320,39706,2706.404,2103.13,4587.655,ok
37418,41252,2808.934,1641.598,4426.727,displaced
37418,41408,2812.495,1787.406,4343.819,ok
37418,45992,2810.827,1762.285,4375.111,ok
39463,39483,2818.964,2013.849,4382.16,ok
39483,53676,2833.864,1961.055,4297.021,ok
41252,45992,2811.363,1744.102,4390.919,ok
41408,45209,2861.062,1851.808,4225.955,ok
41408,45992,2810.976,1814.698,4336.803,ok
41408,53676,2800.32,1869.85,4340.382,ok
45992,53676,2799.08,1868.22,4345.897,ok
48605,52159,2871.73,2041.185,4543.331,ok
48862,51179,1003.29,2574.964,4254.104,ok
48862,51913,999.423,2541.74,4210.791,ok
48862,53702,1008.292,2570.897,4234.87,ok
49378,50385,1012.305,2496.389,4479.354,ok
49378,51172,1086.355,2547.542,4444.641,ok
49378,51179,1031.175,2522.366,4452.465,ok
50385,51172,1061.532,2529.084,4510.369,ok
50385,51179,1043.483,2580.178,4338.967,ok
50385,53702,1004.143,2556.531,4331.111,ok
50402,50738,2815.964,2092.104,4320.71,ok
50402,50983,2822.137,2080.761,4317.651,ok
50738,50983,2853.089,2051.287,4260.534,displaced
51172,51179,1063.685,2552.099,4425.964,ok
51172,53702,922.651,2469.501,4353.532,ok
51179,51913,999.474,2567.935,4241.233,ok
51179,53702,987.554,2562.593,4288.572,ok
51913,53702,1011.945,2550.385,4208.746,ok
67658,67863,898.235,2468.938,4602.137,ok
67695,67863,1145.545,2584.058,4542.861,ok
67853,67863,960.821,2496.862,4471.971,ok
67853,67868,1014.568,2599.689,4288.497,ok
67853,68225,1027.276,2608.682,4269.676,ok
67853,88263,1029.25,2612.355,4292.994,ok
67863,67868,967.962,2505.303,4462.421,ok
67868,68225,1042.353,2598.504,4344.001,ok
75202,76500,2892.725,2035.683,4289.209,ok
76697,76787,984.799,2538.63,4618.383,ok
76697,77112,1067.01,2595.291,4468.581,ok
76697,78235,975.831,2541.829,4670.88,ok
76697,78543,999.528,2550.929,4579.226,ok
76697,84567,1050.609,2587.043,4470.539,ok
76787,78235,1025.424,2571.978,4647.792,ok
77112,78235,1031.384,2577.902,4598.455,ok
77112,78543,1040.523,2600.871,4434.183,ok
77112,84567,1058.946,2590.958,4474.903,ok
78235,78543,1019.292,2572.393,4529.234,ok
78235,84567,999.007,2554.112,4458.679,ok
78543,78912,867.76,2517.878,4322.886,ok
78543,84567,940.545,2573.389,4358.172,ok
78543,88262,976.183,2594.228,4324.281,ok
78912,84655,915.762,2544.298,4292.317,ok
84567,88262,1062.443,2638.084,4379.858,ok
84655,88262,1007.279,2605.804,4247.929,ok
84655,88263,995.023,2606.546,4219.698,ok
88262,88263,1005.818,2604.743,4278.63,ok
89934,90031,1085.591,2645.973,4516.998,ok
89934,90032,1125.441,2658.881,4504.548,ok
89934,90086,1085.675,2645.92,4517.092,ok
89934,91954,1060.899,2645.674,4508.45,ok
89934,93631,986.515,2646.66,4711.373,ok
89934,93827,998.968,2585.801,4605.843,ok
89934,94387,995.331,2587.384,4582.971,ok
90031,90032,977.895,2620.583,4463.312,ok
90031,90086,1023.977,2632.777,4530.762,ok
90031,91954,991.533,2632.874,4469.539,ok
90031,94387,966.11,2601.889,4506.508,ok
90032,90086,1029.0,2629.015,4537.134,ok
90032,91954,994.491,2636.109,4372.475,ok
90086,91391,1009.705,2649.188,4207.819,ok
90086,91758,1013.032,2650.626,4208.042,ok
90086,91954,1029.593,2662.348,4357.721,ok
90086,93234,871.23,2572.037,4284.266,ok
90086,93567,912.64,2599.92,4241.246,ok
91391,91758,1047.081,2681.448,4063.65,ok
91391,91954,1240.148,2753.521,4290.377,ok
91391,93234,973.275,2615.927,4188.168,ok
91758,91954,1086.605,2656.119,4168.437,ok
91758,93234,985.082,2618.038,4176.135,ok
91758,93567,875.741,2523.687,4121.796,ok
93234,93567,928.968,2602.335,4214.018,ok
93631,93827,981.847,2574.27,4597.69,ok
93631,93844,915.771,2589.528,4723.369,ok
93631,94387,989.317,2580.549,4590.321,ok
93827,93844,861.552,2502.229,4608.422,ok
93827,94387,970.996,2567.315,4596.162,ok
93844,94387,894.945,2529.361,4615.13,ok
110095,110270,717.156,2849.493,4196.565,ok
110095,110422,773.564,2881.435,4364.628,displaced
110095,115469,648.285,2802.577,4257.889,displaced
110270,110422,795.431,2894.957,4155.934,ok
110270,112481,705.613,2841.836,4547.587,displaced
110270,114275,795.269,2894.796,4616.598,displaced
110422,111200,585.575,2741.102,4136.299,ok
110422,114275,781.555,2886.035,4364.993,displaced
110422,115469,561.77,2721.728,4193.094,displaced
110915,110955,714.775,2484.369,4230.336,ok
110915,111128,737.717,2486.407,4411.169,ok
110955,111031,938.286,2588.494,3946.128,ok
110955,111128,890.222,2617.428,4232.328,ok
110955,112068,966.914,2675.826,4247.215,ok
111031,111128,1052.671,2717.593,4209.767,ok
111031,111668,1115.733,2739.463,4286.299,ok
111031,112068,1017.917,2696.714,4264.697,ok
111128,111668,1095.31,2725.87,4297.77,ok
111128,111703,875.872,2569.881,4524.757,ok
111128,112068,1088.036,2723.96,4275.014,ok
111128,112177,839.193,2546.523,4522.651,ok
111128,112278,1009.494,2666.959,4502.089,ok
111200,115469,562.253,2721.673,4177.98,ok
111668,111703,956.996,2658.972,4447.785,ok
111668,112068,1101.528,2730.237,4297.132,ok
111668,112278,1106.057,2682.743,4542.739,ok
111703,112177,997.869,2627.179,4664.327,ok
111703,112278,999.112,2625.754,4661.725,ok
112177,112278,1003.117,2614.902,4614.513,ok
112481,112543,721.741,2848.821,4660.423,displaced
112481,112847,908.437,2951.692,4594.698,displaced
112481,112991,685.007,2819.001,4747.11,displaced
112481,114275,723.9,2849.913,4662.973,displaced
112543,112847,947.735,2962.936,4655.309,displaced
112543,112991,714.098,2843.646,4662.033,displaced
112543,114275,692.525,2831.457,4645.807,displaced
112991,114275,601.308,2763.379,4548.329,ok
114275,115469,625.074,2784.081,4383.663,displaced
118813,119893,842.133,2636.268,4165.87,ok
118813,119914,698.548,2461.678,4053.89,ok
118813,120999,647.979,2447.972,4297.812,ok
118813,123838,785.835,2585.58,4301.701,ok
118813,124372,670.425,2478.455,4311.194,ok
119752,119893,853.399,2646.516,4083.891,ok
119752,119914,955.234,2697.52,4072.175,ok
119893,119914,898.054,2673.624,4163.237,ok
119893,121864,1059.811,2743.541,4387.819,ok
119893,123107,973.743,2716.53,4392.219,ok
119893,124372,763.44,2563.742,4261.521,ok
119914,120999,685.233,2481.446,4125.223,ok
119914,123838,821.862,2623.996,4046.853,displaced
119914,124372,868.099,2641.783,4242.859,ok
120999,124372,724.094,2536.738,4198.086,ok
121864,123244,1028.412,2678.496,4534.148,ok
122489,122809,913.083,2622.492,4671.021,ok
122489,123054,937.419,2630.589,4637.682,ok
122489,123107,977.399,2653.32,4557.296,ok
122489,123244,1023.206,2657.489,4657.546,ok
122489,123578,1058.161,2685.211,4658.559,ok
122809,123054,857.139,2560.029,4563.556,ok
122809,124372,857.312,2560.372,4563.466,ok
123001,123586,659.36,2493.241,4308.313,ok
123001,123838,731.793,2569.075,4182.397,ok
123001,132394,693.31,2538.282,4310.881,displaced
123054,123107,826.034,2612.555,4437.488,ok
123054,124372,954.676,2625.403,4571.396,ok
123099,123579,700.093,2498.186,4571.843,ok
123099,123586,678.218,2512.48,4454.521,ok
123099,124006,714.395,2522.33,4563.054,ok
123099,125904,767.226,2537.379,4568.86,ok
123107,123244,980.771,2643.123,4571.175,ok
123107,123636,961.893,2639.91,4566.774,ok
123107,124372,807.886,2606.717,4392.468,ok
123244,123578,1055.85,2687.43,4675.779,ok
123579,123586,785.162,2569.584,4531.416,ok
123579,124006,824.516,2584.837,4601.789,ok
123579,125904,806.43,2589.603,4643.251,ok
123586,123596,910.384,2665.571,4519.52,ok
123586,123838,659.028,2492.204,4307.19,ok
123586,124194,919.69,2705.771,4207.491,ok
123586,124520,982.467,2734.347,4204.993,ok
123586,125904,805.088,2571.511,4543.665,ok
123586,126166,1005.206,2738.505,4284.938,ok
123586,126170,922.708,2670.297,4525.306,ok
123586,126348,1016.113,2758.36,4356.495,ok
123586,127067,820.15,2628.97,4512.404,displaced
123586,127661,903.17,2705.764,4483.843,displaced
123586,128788,867.291,2682.515,4225.38,displaced
123586,130816,715.893,2551.423,4246.025,displaced
123586,132394,748.894,2582.523,4323.788,ok
123596,123636,970.427,2664.07,4545.107,ok
123596,123861,1027.422,2686.607,4547.049,ok
123596,126166,971.212,2730.96,4307.649,ok
123596,126170,1021.509,2696.595,4542.113,ok
123596,127067,903.648,2677.25,4512.033,ok
123636,123861,1156.494,2831.869,4754.861,displaced
123636,125904,831.503,2644.89,4742.994,ok
123838,124194,751.185,2558.985,3921.406,ok
124194,124520,1026.94,2778.449,4006.001,ok
124520,126166,1049.901,2764.312,4184.188,ok
124520,126348,1062.879,2752.934,4245.99,ok
125307,126170,1037.788,2799.438,4756.964,ok
125307,127761,1122.138,2762.764,4576.229,ok
125683,126645,786.978,2605.001,4587.463,ok
125683,130213,714.544,2576.908,4541.834,ok
126166,126348,1088.323,2773.912,4280.731,ok
126170,126645,879.343,2626.787,4577.442,displaced
126170,127067,889.528,2631.122,4553.918,displaced
126170,127661,916.478,2670.004,4525.704,ok
126170,128049,961.698,2693.984,4521.811,ok
126645,127067,843.811,2635.497,4616.214,ok
127067,127661,919.587,2673.808,4526.566,ok
127067,130595,911.021,2680.359,4520.677,ok
127464,127761,1036.55,2777.346,4297.535,ok
127464,128146,1011.935,2776.499,4143.351,ok
127761,128049,1072.66,2736.149,4531.493,ok
128049,130595,929.712,2735.61,4473.058,ok
128146,128788,905.581,2725.613,4328.181,ok
128146,130816,905.797,2726.948,4190.417,ok
128146,134397,887.098,2719.287,4325.467,displaced
128788,130816,823.141,2636.577,4339.321,ok
128788,134397,841.014,2676.339,4333.687,displaced
128978,130816,711.322,2559.79,3994.506,ok
129374,130213,669.084,2560.56,4445.778,ok
129374,132394,697.62,2554.039,4297.401,ok
130595,134119,815.504,2692.594,4492.614,displaced
130595,134252,918.943,2748.824,4484.255,displaced
130595,134397,847.802,2715.449,4450.943,ok
130595,134483,790.514,2681.724,4468.0,ok
130816,132394,763.674,2604.894,4300.365,ok
133008,133079,824.887,2671.772,4657.523,ok
133008,133669,912.044,2728.223,4714.324,ok
133079,133185,741.62,2689.103,4532.709,displaced
133079,133669,857.766,2688.244,4672.354,ok
133079,134100,740.213,2687.885,4538.656,displaced
133079,134119,805.543,2726.496,4538.687,ok
133079,134252,844.593,2739.904,4565.342,ok
133079,134483,729.885,2680.957,4542.611,displaced
133185,133198,685.009,2632.906,4537.112,ok
133185,133350,729.643,2581.478,4631.366,ok
133185,134100,742.178,2689.509,4534.302,displaced
133185,134119,718.181,2655.768,4564.772,ok
133185,134483,747.331,2691.494,4530.316,displaced
133198,134100,622.668,2542.977,4557.571,ok
133198,134483,685.98,2632.876,4542.097,ok
133226,133339,1075.309,2830.675,4470.478,ok
133226,133593,1039.266,2805.905,4505.706,ok
133226,133785,1000.477,2789.876,4549.723,ok
133339,133467,1092.016,2821.964,4241.928,ok
133339,133593,1038.221,2805.234,4345.304,ok
133339,133785,1033.173,2827.069,4425.47,ok
133350,134100,610.611,2527.996,4563.745,ok
133350,134528,567.823,2427.129,4599.134,ok
133467,133593,1043.79,2799.993,4321.246,ok
133467,144203,1004.711,2787.052,4302.579,ok
133593,133785,1076.049,2824.532,4484.984,ok
133593,144203,1007.021,2787.098,4313.343,ok
133669,134119,823.124,2715.206,4581.051,ok
133785,134252,946.872,2769.796,4426.49,ok
134100,134119,738.425,2648.6,4445.432,ok
134100,134483,617.765,2500.821,4442.14,ok
134100,134528,627.478,2547.043,4559.571,ok
134119,134252,755.814,2696.505,4531.609,ok
134119,134397,780.28,2659.995,4423.963,ok
134119,134483,707.86,2631.423,4471.232,ok
134252,134397,808.022,2691.804,4450.035,ok
134252,134483,858.581,2722.047,4431.775,ok
134397,134483,863.709,2718.143,4325.512,ok
134479,134649,957.466,2775.333,4172.826,ok
134479,134773,964.964,2779.475,4163.375,ok
134479,134853,943.968,2771.283,4173.59,ok
134479,136033,944.965,2771.415,4175.447,ok
134483,134528,577.875,2432.076,4476.797,ok
134483,134644,749.987,2676.168,4242.847,ok
134483,134773,762.331,2683.965,4235.35,ok
134483,134853,725.224,2608.935,4139.208,ok
134483,135164,618.072,2476.062,4337.854,ok
134644,134773,775.541,2681.184,4054.513,ok
134644,134853,722.581,2584.726,3980.435,ok
134644,135164,573.125,2427.219,4115.371,ok
134649,134773,968.985,2779.039,4166.321,ok
134649,134853,957.055,2786.794,4143.322,ok
134649,136033,905.088,2747.788,4192.807,ok
134773,134853,750.466,2634.184,4155.632,ok
134773,136033,974.374,2775.991,4197.732,ok
134853,136033,903.284,2752.99,4209.226,ok
141857,141870,718.695,2656.248,4024.696,ok
141857,142041,753.864,2666.449,4136.376,ok
141870,142041,722.17,2649.208,4112.935,ok
142041,142081,766.859,2697.773,4281.241,ok
142041,142346,740.996,2669.701,4298.282,ok
142041,145513,683.964,2628.451,4294.834,ok
142081,142346,749.714,2659.624,4358.983,ok
142081,144361,695.629,2639.703,4356.244,ok
142081,145513,695.024,2635.643,4325.869,ok
142346,143510,842.662,2770.999,4200.773,ok
142346,144203,871.094,2742.175,4305.281,ok
142346,144308,926.879,2749.399,4363.519,ok
142896,143231,1213.544,2857.089,4235.769,ok
142896,144084,1095.116,2854.637,4287.338,ok
142896,144203,990.134,2843.927,4146.331,ok
143231,144084,1050.11,2822.733,4309.063,ok
143231,144203,1026.788,2807.613,4324.938,ok
143510,144203,956.151,2823.313,4156.789,ok
144084,144160,1182.454,2890.535,4523.199,displaced
144084,151425,1045.45,2831.262,4323.061,displaced
144160,144365,964.811,2800.232,4717.972,ok
144160,145768,915.004,2801.317,4546.426,ok
144160,146581,906.524,2801.556,4542.084,ok
144208,144236,636.149,2615.775,4644.628,ok
144208,144243,657.441,2641.69,4619.499,ok
144208,144361,675.941,2670.381,4563.183,ok
144208,144873,593.937,2526.081,4633.105,ok
144208,145513,640.141,2572.63,4429.061,ok
144208,145557,611.4,2513.325,4424.183,ok
144236,144243,673.498,2641.522,4637.052,ok
144236,144361,672.712,2664.284,4544.315,ok
144236,144365,664.415,2638.831,4637.065,ok
144236,144873,671.195,2577.14,4762.732,ok
144243,144361,695.92,2676.942,4611.719,ok
144243,144365,702.614,2650.498,4647.101,ok
144243,144873,664.504,2565.555,4771.881,ok
144308,145768,902.979,2749.076,4414.601,ok
144308,146581,923.671,2763.71,4417.319,ok
144361,144365,679.217,2663.86,4595.787,ok
144361,145513,631.633,2567.645,4441.843,ok
144361,145557,672.338,2608.403,4361.689,ok
144361,146581,758.764,2726.688,4575.938,ok
144365,146581,805.002,2746.977,4521.394,ok
145450,146235,1021.172,2873.668,4116.531,ok
145450,148614,1005.43,2846.81,4212.302,ok
145513,145557,629.757,2564.539,4440.983,ok
145628,149401,975.928,2872.789,4583.391,ok
145628,149405,961.663,2870.583,4574.314,ok
145628,152342,962.849,2871.754,4569.713,ok
145768,146581,980.719,2814.587,4554.695,ok
145768,151425,957.231,2774.619,4375.852,displaced
145835,149401,995.053,2825.476,4627.038,displaced
145835,152342,994.862,2848.25,4684.003,displaced
145835,152578,1116.127,2877.041,4665.505,ok
145835,153302,1048.936,2863.372,4674.587,displaced
145997,146003,1083.717,2893.293,4363.396,ok
145997,147030,1100.894,2936.427,4400.519,displaced
145997,147544,1064.022,2947.735,4495.348,displaced
145997,148392,1112.093,2958.499,4529.924,displaced
145997,152578,1099.641,2927.423,4585.491,ok
146003,146090,1057.497,2860.805,4353.179,ok
146003,146835,969.671,2816.266,4394.929,ok
146003,147030,1024.01,2914.471,4443.157,displaced
146003,147274,906.401,2867.5,4509.956,ok
146003,147888,860.921,2821.498,4483.148,ok
146003,148173,1098.659,2956.918,4488.357,displaced
146003,148270,1040.124,2852.811,4353.723,ok
146003,148460,946.999,2842.205,4421.271,displaced
146003,152578,1076.744,2918.629,4581.316,ok
146090,146266,915.329,2804.275,4325.562,ok
146090,146493,1035.196,2868.987,4289.736,ok
146090,146586,893.236,2796.409,4318.219,ok
146090,146687,916.012,2804.398,4326.268,ok
146090,146835,948.624,2836.041,4435.192,ok
146090,146868,901.733,2819.73,4286.866,ok
146090,147012,983.828,2821.001,4362.003,ok
146090,150217,925.162,2796.643,4392.249,ok
146235,146565,1003.804,2886.882,4044.009,displaced
146235,146868,803.904,2796.735,4203.62,ok
146235,146915,882.208,2806.61,4099.428,displaced
146235,146987,864.678,2825.791,4200.392,ok
146235,147178,945.798,2835.863,3961.543,ok
146235,147594,858.063,2797.025,4250.438,ok
146235,147816,792.731,2785.821,4188.643,ok
146235,148614,859.112,2797.183,4251.494,ok
146266,146586,853.507,2788.288,4303.003,ok
146266,146668,850.251,2795.345,4284.458,ok
146266,146687,841.275,2779.5,4307.897,ok
146266,146835,954.555,2811.448,4347.92,ok
146266,146857,864.264,2769.601,4340.012,ok
146266,146868,872.598,2787.56,4316.577,ok
146266,147012,857.353,2798.535,4286.277,ok
146266,147030,956.429,2809.992,4381.152,ok
146266,148270,920.597,2871.48,4218.855,ok
146266,148460,865.557,2790.817,4314.69,ok
146266,150217,863.466,2793.379,4303.9,ok
146493,146565,988.925,2837.03,4233.38,ok
146493,146809,1175.962,2881.374,4221.26,ok
146493,146915,946.683,2870.516,4195.232,ok
146493,147012,1040.268,2927.997,4121.841,displaced
146493,147178,954.744,2875.052,4188.899,ok
146493,148270,990.236,2874.0,4223.412,displaced
146493,148614,1000.316,2838.139,4252.845,ok
146565,146915,867.11,2836.799,4194.676,ok
146565,146987,901.401,2824.605,4222.241,ok
146565,147149,868.095,2838.235,4184.156,ok
146565,147178,871.581,2842.444,4173.47,ok
146565,148614,986.012,2832.529,4244.381,ok
146586,146668,808.642,2783.5,4282.379,ok
146586,146687,877.259,2810.191,4280.831,ok
146586,146835,839.351,2778.284,4307.545,ok
146586,146857,915.007,2815.91,4315.75,displaced
146586,146868,798.911,2753.67,4319.161,ok
146586,147012,931.778,2830.416,4299.062,ok
146586,147901,808.286,2761.556,4321.476,ok
146586,148270,895.369,2875.153,4177.602,ok
146586,148460,934.572,2827.405,4309.418,displaced
146586,150217,873.38,2783.363,4329.49,ok
146668,146687,871.22,2807.267,4282.695,ok
146668,146838,647.99,2738.047,4084.787,ok
146668,147012,840.755,2839.812,4030.019,ok
146668,147226,660.115,2725.166,4292.218,ok
146668,148270,901.001,2893.664,4145.379,ok
146668,150217,620.234,2742.162,4216.386,ok
146687,146835,895.556,2773.575,4383.833,ok
146687,146857,850.641,2784.313,4416.44,ok
146687,146868,849.5,2750.903,4350.275,ok
146687,147012,871.148,2806.825,4284.093,ok
146687,147901,892.0,2774.501,4372.261,ok
146687,148460,784.756,2732.029,4352.388,ok
146687,150217,909.481,2824.961,4288.079,ok
146809,147178,1026.439,2903.708,3993.075,ok
146835,146868,867.975,2805.103,4287.146,ok
146835,147012,941.14,2820.873,4319.54,ok
146835,147274,808.447,2760.339,4452.271,ok
146835,147888,852.349,2818.089,4486.729,ok
146835,150217,937.876,2797.695,4385.071,ok
146838,147012,764.626,2812.534,4208.394,ok
146838,147226,523.214,2636.201,4227.401,ok
146838,150217,691.199,2767.729,4242.418,ok
146857,147012,976.323,2823.65,4359.452,ok
146857,147030,975.626,2834.402,4338.659,displaced
146857,147544,969.753,2877.038,4423.244,ok
146857,147901,869.301,2771.246,4341.547,ok
146857,148270,978.955,2839.939,4328.207,displaced
146857,148460,888.053,2797.088,4322.249,ok
146857,150217,846.225,2815.661,4443.61,ok
146868,146915,872.892,2801.466,4255.856,ok
146868,146987,785.47,2756.008,4279.62,ok
146868,147012,781.847,2779.861,4251.354,displaced
146868,147149,850.286,2795.511,4244.282,ok
146868,147178,876.813,2803.68,4248.208,ok
146868,147274,837.191,2735.001,4386.881,ok
146868,147594,726.471,2714.555,4317.249,ok
146868,148436,738.276,2698.856,4347.304,ok
146868,148614,876.459,2796.064,4286.983,ok
146868,150217,754.686,2765.002,4269.816,ok
146868,153535,737.455,2693.915,4344.126,displaced
146915,146987,830.216,2815.481,4192.791,ok
146915,147149,850.147,2810.192,4226.496,ok
146915,147178,950.242,2873.7,4164.111,ok
146915,147594,823.189,2810.303,4196.031,ok
146915,148614,851.585,2795.591,4247.63,ok
146915,149736,882.556,2802.496,4249.331,ok
146987,147178,858.116,2830.777,4191.078,ok
146987,147594,811.985,2730.379,4323.149,ok
146987,147816,794.347,2786.839,4196.066,ok
146987,148614,880.64,2841.096,4195.557,ok
146987,149736,906.37,2805.337,4261.094,ok
146987,151425,914.631,2797.784,4291.464,ok
147012,147030,946.41,2808.401,4357.227,ok
147012,147901,814.95,2764.921,4319.593,ok
147012,148270,924.293,2873.57,4219.121,ok
147012,148460,911.987,2794.649,4348.914,ok
147012,150217,877.546,2809.907,4282.884,ok
147030,147544,983.225,2858.887,4402.504,ok
147030,148173,1084.448,2895.669,4367.465,ok
147030,148270,1087.22,2897.149,4364.272,ok
147030,148460,1044.381,2876.367,4378.375,ok
147149,147178,860.415,2824.471,4145.576,ok
147149,147549,743.13,2711.399,4052.517,ok
147149,148436,758.918,2753.23,4288.162,ok
147178,147549,730.596,2703.653,4050.181,ok
147178,147594,790.99,2786.198,4174.306,displaced
147178,148614,855.725,2807.536,4226.673,ok
147226,147897,665.871,2664.348,4384.995,ok
147226,148587,636.922,2648.015,4406.655,ok
147226,150217,654.1,2723.147,4291.354,ok
147274,147888,852.46,2833.669,4591.284,ok
147274,148339,789.017,2825.193,4562.141,ok
147274,148358,731.077,2784.811,4524.896,displaced
147274,148460,862.523,2791.767,4421.264,ok
147544,148173,1138.729,2939.996,4584.82,ok
147544,148392,1038.581,2943.61,4557.644,ok
147544,148460,1039.393,2906.907,4592.924,ok
147544,148488,1117.028,2923.249,4592.704,ok
147544,148579,961.372,2881.64,4594.585,ok
147544,152578,1075.125,2937.639,4565.993,ok
147549,147764,647.55,2642.203,4216.332,ok
147549,147816,692.84,2689.995,4166.621,displaced
147549,147958,653.005,2648.342,4219.518,ok
147549,148436,630.2,2622.783,4209.59,ok
147549,148801,688.956,2671.971,4046.385,ok
147594,147764,672.59,2677.963,4197.477,ok
147594,147816,729.994,2701.914,4154.8,ok
147594,147958,682.022,2679.333,4215.355,ok
147594,148614,875.256,2797.994,4257.797,ok
147594,149736,808.426,2735.36,4318.632,ok
147594,153535,755.596,2692.398,4354.71,displaced
147764,147816,636.228,2618.195,4086.605,ok
147764,147958,639.6,2631.752,4195.421,ok
147764,148436,651.847,2652.152,4240.551,displaced
147764,148801,564.739,2549.088,4219.825,ok
147764,149161,617.093,2597.655,4097.572,displaced
147764,150117,611.251,2618.76,4270.125,displaced
147816,147958,627.169,2611.827,4208.155,displaced
147816,148436,725.248,2737.001,4179.443,ok
147816,149161,705.858,2674.172,4070.479,ok
147888,147965,634.241,2704.618,4617.061,ok
147888,148339,763.655,2794.23,4592.848,displaced
147888,148358,830.707,2827.961,4493.723,displaced
147888,148460,766.022,2775.918,4651.986,displaced
147888,151958,631.182,2673.3,4535.468,ok
147888,153302,865.82,2806.915,4619.351,ok
147888,153535,736.851,2698.15,4442.393,ok
147888,153798,814.775,2815.831,4559.341,displaced
147888,154174,861.861,2813.449,4614.687,ok
147897,147967,505.87,2636.789,4547.754,ok
147897,148587,671.866,2672.391,4399.45,ok
147897,150217,639.647,2668.71,4335.171,ok
147897,163076,538.24,2608.11,4374.589,displaced
147897,163132,512.083,2635.501,4525.975,displaced
147901,148460,827.477,2757.911,4335.595,ok
147901,148587,754.399,2737.565,4438.356,ok
147901,150217,746.55,2714.65,4348.469,ok
147958,148436,685.793,2703.78,4286.867,ok
147958,150117,601.345,2606.95,4266.099,displaced
147958,150914,607.634,2607.931,4349.134,displaced
147958,153535,640.025,2630.72,4353.536,ok
147967,148587,635.815,2747.086,4638.055,ok
148173,148270,1146.315,2942.315,4362.295,ok
148173,148392,1175.715,2925.086,4595.404,ok
148173,148460,1060.312,2892.821,4379.109,ok
148339,148358,828.153,2827.352,4585.737,ok
148339,148460,707.44,2803.24,4576.401,ok
148339,148587,760.302,2813.758,4575.258,ok
148339,148720,763.082,2733.931,4760.712,ok
148358,148460,865.906,2839.036,4591.607,ok
148358,148587,721.077,2807.902,4568.811,ok
148358,148720,777.531,2786.371,4662.877,ok
148358,150217,778.506,2818.312,4498.661,ok
148392,148460,1018.672,2866.854,4650.802,ok
148392,148488,1138.75,2919.128,4597.136,ok
148392,148579,963.587,2880.582,4596.354,ok
148392,152578,1119.611,2879.68,4619.175,ok
148436,148801,620.31,2609.102,4193.478,ok
148436,150217,612.592,2672.482,4302.057,displaced
148436,150914,665.956,2650.047,4356.076,ok
148436,153535,700.222,2673.621,4347.653,displaced
148460,148579,944.669,2868.981,4600.274,displaced
148460,148587,703.45,2790.369,4615.548,ok
148460,148720,877.203,2826.578,4700.559,ok
148460,150217,866.324,2792.728,4312.168,ok
148488,148579,1105.743,2899.22,4671.595,ok
148579,148720,997.286,2841.816,4827.357,displaced
148587,150217,636.194,2646.158,4402.896,ok
148614,149736,881.806,2802.46,4250.765,ok
148614,151425,979.137,2826.673,4245.52,ok
148720,154174,850.776,2810.714,4705.759,ok
148801,149161,642.69,2634.748,3969.733,displaced
149401,149405,976.662,2880.741,4566.002,ok
149401,152342,932.29,2862.071,4577.438,ok
149401,152578,1044.378,2900.729,4579.648,ok
149401,153302,931.913,2816.517,4614.633,ok
149405,152342,959.432,2870.869,4573.085,ok
149405,153345,882.22,2830.958,4590.007,ok
149405,153798,824.921,2792.883,4530.558,ok
149736,151425,891.019,2775.515,4311.604,ok
150117,153535,652.003,2629.791,4390.644,displaced
150914,151958,558.311,2587.13,4420.565,ok
150914,153535,652.149,2641.817,4348.945,ok
151958,153535,692.158,2685.474,4448.603,ok
152087,152671,583.856,2592.768,4508.181,ok
152087,152881,602.361,2619.5,4721.149,displaced
152087,153503,570.013,2574.923,4540.678,ok
152342,152578,1040.962,2898.919,4580.863,ok
152342,153302,1091.161,2877.675,4667.771,ok
152578,153302,1054.02,2861.417,4602.427,duplicated
152671,152881,649.543,2660.001,4640.823,ok
152671,153345,747.949,2763.829,4553.405,ok
152671,153503,577.366,2585.275,4521.197,ok
152671,153798,729.146,2751.06,4563.218,ok
152881,153114,730.406,2665.95,4767.485,ok
153114,153345,750.341,2758.981,4576.895,ok
153114,153798,799.831,2770.491,4621.396,ok
153302,153345,851.669,2794.304,4623.461,ok
153302,154174,888.354,2787.525,4769.543,ok
153345,153798,750.041,2747.286,4591.568,ok
153535,153798,745.031,2714.085,4464.606,ok
163076,163091,665.731,2692.971,4430.096,ok
163076,163113,613.539,2653.979,4450.634,ok
163076,163132,559.128,2615.64,4456.187,ok
163076,163189,610.349,2724.323,4044.312,ok
163076,163218,650.492,2689.651,4399.557,ok
163091,163108,781.411,2811.485,4255.92,ok
163091,163113,713.918,2725.556,4391.907,ok
163091,163132,683.728,2744.231,4480.042,ok
163091,163169,924.115,2856.333,4410.762,ok
163091,163188,825.586,2841.32,4463.374,ok
163091,163189,623.351,2758.25,4147.503,ok
163091,163218,651.308,2684.237,4420.778,ok
163108,163169,857.647,2793.593,4368.729,ok
163108,163188,893.493,2827.144,4394.619,ok
163108,163189,736.038,2841.6,4173.013,ok
163108,163925,983.875,2881.363,4373.447,ok
163113,163132,675.59,2797.287,4583.013,ok
163113,163169,780.364,2796.539,4451.965,ok
163113,163188,712.166,2812.639,4567.518,displaced
163113,163218,656.613,2687.144,4432.273,ok
163113,163251,589.477,2729.083,4549.103,ok
163132,163218,670.386,2703.752,4458.605,ok
163132,163251,585.718,2723.09,4658.117,ok
163169,163188,787.981,2843.528,4513.147,ok
163169,163251,784.628,2840.504,4510.513,ok
163188,163251,771.852,2822.688,4489.629,ok
163188,163326,1060.005,2971.854,4501.585,ok
163188,163479,1030.959,2935.095,4428.68,ok
163188,163925,1042.35,2944.853,4438.095,ok
163326,163479,1122.966,2995.003,4451.294,ok
163479,163925,1004.463,2911.406,4416.271,ok
