patch_a,patch_b,risk,flagged,x6_truth
48,72,0.011300514836980715,0,same-wrap
48,150,0.014880186211745536,0,same-wrap
48,162,0.03642570173908062,0,same-wrap
48,238,0.018458145893969272,0,same-wrap
72,150,0.03749547839259981,0,same-wrap
72,162,0.7861875656187386,1,same-wrap
72,238,0.09572234546743288,0,same-wrap
90,234,0.3128353766069717,0,same-wrap
90,238,0.2815210032328273,0,same-wrap
150,162,0.1696671301473454,0,same-wrap
150,286,0.7895732208279467,1,same-wrap
162,238,0.04602578968694982,0,same-wrap
162,286,0.1540573072818556,0,same-wrap
162,407,0.054708758860111666,0,same-wrap
162,416,0.06192272936608928,0,same-wrap
162,494,0.004877456839409127,0,same-wrap
162,1120,0.020041495963811686,0,same-wrap
162,761,0.016239078265851088,0,same-wrap
234,238,0.635768993661277,1,same-wrap
234,494,0.018494802412870784,0,same-wrap
234,761,0.05917795439462674,0,same-wrap
234,1717,0.020888770090054982,0,same-wrap
238,494,0.8613448606083861,1,same-wrap
286,407,0.0805848251058301,0,same-wrap
293,302,0.021132666228038416,0,same-wrap
293,346,0.023476621943202172,0,same-wrap
302,346,0.027592898380668487,0,same-wrap
302,815,0.030830890282009193,0,same-wrap
302,1144,0.046453415131579696,0,same-wrap
346,962,0.009504597092760466,0,same-wrap
346,1144,0.036029541584794426,0,same-wrap
407,416,0.0034154915084189984,0,same-wrap
416,1120,0.9844645647384871,1,same-wrap
416,7904,0.9595515649200255,1,same-wrap
494,761,0.08570776105960337,0,same-wrap
815,1158,0.06149737468666746,0,same-wrap
815,1849,0.021228032604216268,0,same-wrap
815,1954,0.026381337213731145,0,same-wrap
835,955,0.0018387603462644846,0,same-wrap
835,6007,0.027549475408873914,0,same-wrap
835,6019,0.15765902342371052,0,same-wrap
955,6007,0.11015950978440882,0,same-wrap
962,1107,0.056075219084440985,0,same-wrap
962,1144,0.04835965201100459,0,same-wrap
1009,1120,0.03345984452835806,0,same-wrap
1009,672,0.14999602777869078,0,same-wrap
1009,2279,0.012434225148091354,0,same-wrap
1107,1158,0.06799692144467254,0,same-wrap
1107,1144,0.7530505414494866,1,same-wrap
1120,7904,0.9666190334595727,1,adjacent
1120,672,0.08616747749153411,0,same-wrap
1120,2279,0.022260486268096572,0,same-wrap
1158,1849,0.011042013177511916,0,same-wrap
1158,6252,0.039485934007397,0,same-wrap
1158,761,0.9945538382123792,1,adjacent
1158,1144,0.18647142902412686,0,same-wrap
1574,1752,0.020872486244531915,0,same-wrap
1665,6859,0.021465298538875043,0,same-wrap
1665,7904,0.016949167767115927,0,same-wrap
1665,1954,0.04794955498888434,0,same-wrap
1752,1836,0.6511091976736659,1,same-wrap
1752,3566,0.015648959628754053,0,same-wrap
1836,3566,0.030397356155497796,0,same-wrap
1836,4181,0.012132348064882916,0,same-wrap
1836,6019,0.19288261841631352,0,same-wrap
1849,6252,0.019502074816092972,0,same-wrap
1849,761,0.9632641920658757,1,adjacent
1849,1954,0.00958813378039387,0,same-wrap
1849,2279,0.010888322320568912,0,same-wrap
2350,1717,0.291447282694238,0,adjacent
3566,3841,0.020927929534015014,0,same-wrap
3566,3885,0.15703852852832745,0,adjacent
3566,4181,0.050149060122252176,0,same-wrap
3566,5314,0.019162569117228034,0,same-wrap
3566,7046,0.9909186642072404,1,adjacent
3841,4173,0.19762240243968704,0,same-wrap
3841,4181,0.01501439504795509,0,same-wrap
3841,4593,0.8812466869309118,1,same-wrap
3841,3813,0.018893066136586822,0,same-wrap
3841,5314,0.19008147384310356,0,same-wrap
3885,5314,0.10036910080260637,0,adjacent
3885,7046,0.9873712806444924,1,adjacent
3945,4146,0.01679582826080477,0,same-wrap
3945,4169,0.04922608112542548,0,same-wrap
3945,4297,0.043203378298692544,0,same-wrap
3945,4723,0.006498656083586223,0,same-wrap
3945,4920,0.026317588404113718,0,same-wrap
4146,4723,0.023321213414767165,0,same-wrap
4146,4920,0.06176837256266744,0,same-wrap
4146,5065,0.0425856552445023,0,same-wrap
4146,5791,0.3824134324572028,1,same-wrap
4169,4297,0.04248162708569117,0,same-wrap
4169,4920,0.091980343630678,0,same-wrap
4169,5065,0.7973280724289438,1,same-wrap
4173,4181,0.09754422267153424,0,same-wrap
4173,4593,0.7226651790814108,1,same-wrap
4181,4593,0.3046183087573661,0,same-wrap
4181,6019,0.7431680415541889,1,same-wrap
4297,4337,0.8375422550394711,1,same-wrap
4297,4920,0.024999864885230375,0,same-wrap
4297,4933,0.05449938080405069,0,same-wrap
4297,5065,0.03917135157672629,0,same-wrap
4337,4933,0.1852719219915504,0,same-wrap
4337,7253,0.0962287560894262,0,same-wrap
4593,6007,0.05182424099134446,0,same-wrap
4593,6019,0.04390740361665155,0,same-wrap
4723,4920,0.0192639389211153,0,same-wrap
4723,5065,0.006462899085640319,0,same-wrap
4723,5551,0.6074373820369775,1,same-wrap
4723,5791,0.11689614594453661,0,same-wrap
4920,4933,0.7485073311043815,1,same-wrap
4920,5065,0.6991077556180081,1,same-wrap
4920,5551,0.06210512644610007,0,same-wrap
4920,5791,0.27626831980627803,0,same-wrap
4933,5065,0.046161189342401404,0,same-wrap
5065,5069,0.009688990848710539,0,same-wrap
5065,5527,0.012538658685602482,0,same-wrap
5065,5551,0.023155847253370762,0,same-wrap
5065,5791,0.04654241857243519,0,same-wrap
5065,5869,0.048173104771838136,0,same-wrap
5065,6200,0.05929306341186784,0,same-wrap
5069,5527,0.04715043197007357,0,same-wrap
5069,5551,0.06401391284315856,0,same-wrap
5069,5791,0.017528606970955832,0,same-wrap
5069,5869,0.013459641797831035,0,same-wrap
5069,6200,0.028375389496001248,0,same-wrap
5527,6200,0.04127888403766813,0,same-wrap
5527,7253,0.04136613080685639,0,same-wrap
5551,5791,0.016229306382104645,0,same-wrap
5613,7009,0.008914620459396639,0,same-wrap
5613,7189,0.008352903833242954,0,same-wrap
5791,5869,0.09666656423685756,0,same-wrap
5869,6200,0.04895838130803085,0,same-wrap
6200,7253,0.05288515238756465,0,same-wrap
6252,761,0.9924433349469751,1,adjacent
6252,1954,0.024313072398704262,0,same-wrap
6252,2279,0.9937307294604875,1,adjacent
6738,6760,0.019138037544515787,0,same-wrap
6738,7009,0.5894921164369488,1,same-wrap
6738,9573,0.1529200045694723,0,same-wrap
6738,6685,0.18490674931615314,0,same-wrap
6760,7828,0.0036510632779412537,0,same-wrap
6760,9573,0.04766129890943292,0,same-wrap
6760,6685,0.023106689627796505,0,same-wrap
6859,7904,0.014841114476724973,0,same-wrap
7009,7189,0.0042809908716922,0,same-wrap
7009,7467,0.006671447320150529,0,same-wrap
7086,7443,0.00612463712798129,0,same-wrap
7086,7689,0.6577910005122592,1,same-wrap
7086,7807,0.011593364033230432,0,same-wrap
7086,9464,0.9062108448846935,1,same-wrap
7086,9692,0.02923766555714567,0,same-wrap
7146,7828,0.07219443100212464,0,same-wrap
7146,5314,0.991188062313657,1,adjacent
7146,7046,0.006963340396738207,0,same-wrap
7189,7467,0.04261994009302543,0,same-wrap
7189,7842,0.048193825540642735,0,same-wrap
7386,7828,0.04157261071000503,0,same-wrap
7386,7046,0.03434129736156232,0,same-wrap
7443,7471,0.015367575464515601,0,same-wrap
7443,7689,0.014838029563381766,0,same-wrap
7443,7807,0.04348464736034761,0,same-wrap
7443,9464,0.013973591415493845,0,same-wrap
7467,7842,0.1043153976015508,0,same-wrap
7467,9573,0.02609851616617361,0,same-wrap
7467,7575,0.05210822450982187,0,same-wrap
7471,7689,0.02943484347350015,0,same-wrap
7471,8372,0.021813439462088257,0,same-wrap
7471,9464,0.016783091767694082,0,same-wrap
7689,7807,0.7828165366996305,1,same-wrap
7689,7821,0.023423241286725932,0,same-wrap
7689,9464,0.026359288788774252,0,same-wrap
7689,9692,0.007573671152148064,0,same-wrap
7807,7821,0.01549752443481352,0,same-wrap
7807,8078,0.01739290628613384,0,same-wrap
7807,8372,0.0212555514574871,0,same-wrap
7807,9464,0.8591308136638318,1,same-wrap
7807,9692,0.05118993806521058,0,same-wrap
7821,8078,0.049821396845714475,0,same-wrap
7821,8261,0.016058854468434525,0,same-wrap
7821,8372,0.005675667702045147,0,same-wrap
7821,9464,0.3002855853473065,0,same-wrap
7821,9692,0.8081416638901875,1,same-wrap
7828,7046,0.1452795017970017,0,same-wrap
7828,7575,0.7144961697939789,1,same-wrap
7842,7575,0.10557466590619496,0,same-wrap
8078,8261,0.6632049742698103,1,same-wrap
8078,8372,0.026836902501674368,0,same-wrap
8078,9464,0.10286690934999186,0,same-wrap
8078,9692,0.015372873381118176,0,same-wrap
8261,8372,0.013682559340781069,0,same-wrap
8261,11336,0.015668393027452744,0,same-wrap
8372,9464,0.45854097285727186,1,same-wrap
8372,11336,0.02493642608797557,0,same-wrap
8759,8815,0.018873659110772347,0,same-wrap
8759,8830,0.029662200723170423,0,same-wrap
8759,12742,0.013815366789115737,0,same-wrap
8759,22376,0.19472082383848988,0,same-wrap
8815,8866,0.020699898528100044,0,same-wrap
8815,11406,0.015144438091946773,0,same-wrap
8815,11892,0.017164163147070897,0,same-wrap
8815,12742,0.036795147081857604,0,same-wrap
8815,22733,0.09719732726269736,0,same-wrap
8830,12742,0.02976025004099975,0,same-wrap
8830,15018,0.847309905187443,1,same-wrap
8830,22376,0.18161555520299877,0,same-wrap
8866,11406,0.01592801554269275,0,same-wrap
8866,11892,0.024224205433980447,0,same-wrap
8866,18303,0.7504427523365853,1,same-wrap
8866,22733,0.04791394748827097,0,same-wrap
8866,10953,0.22900258704615065,0,same-wrap
9464,9692,0.27468760502509965,0,same-wrap
9573,7575,0.05652328347202756,0,same-wrap
10594,14085,0.01191912294092215,0,same-wrap
10594,15018,0.0787085895971343,0,same-wrap
10594,15074,0.049966880165594765,0,same-wrap
10594,15244,0.043121070857982016,0,same-wrap
11406,11892,0.015375566193374407,0,same-wrap
11406,11949,0.056393618785217675,0,same-wrap
11406,10953,0.019827477161361195,0,same-wrap
11892,11949,0.011311630288814113,0,same-wrap
11892,10953,0.03398022373780782,0,same-wrap
12742,22376,0.06405381890818207,0,same-wrap
12742,22733,0.08220372791559187,0,same-wrap
14085,15074,0.058240491485779575,0,same-wrap
14085,15640,0.023257177701750852,0,same-wrap
15018,15283,0.12388169853037002,0,same-wrap
15018,22376,0.6595074513139954,1,same-wrap
15074,15244,0.10991865687296584,0,same-wrap
15074,15640,0.08838238889557468,0,same-wrap
15074,16324,0.12505321560906346,0,same-wrap
15244,15283,0.050545697209651,0,same-wrap
15244,16324,0.036878682894367666,0,same-wrap
15244,16793,0.008913804055540701,0,same-wrap
15244,18303,0.09721321110848319,0,same-wrap
15283,18303,0.02817612617948792,0,same-wrap
15283,22376,0.7867948131872508,1,same-wrap
15283,22733,0.47902822329038636,1,same-wrap
16324,16428,0.03418827561020855,0,same-wrap
16324,16793,0.1810226193193778,0,same-wrap
16324,17041,0.005520744845443698,0,same-wrap
16428,16793,0.047008068781105125,0,same-wrap
16793,17494,0.1250652575266082,0,same-wrap
16793,17041,0.1412753784825228,0,same-wrap
17494,20266,0.08195168221206969,0,same-wrap
17494,17041,0.016540118855348784,0,same-wrap
17775,18101,0.055007096042390013,0,same-wrap
18303,22733,0.028402971636663284,0,same-wrap
18303,10953,0.7939967367453995,1,same-wrap
20067,17041,0.005843328636385041,0,same-wrap
20079,23213,0.0015718559053690224,0,same-wrap
20079,24666,0.024345487571986683,0,same-wrap
20079,20313,0.05689677531095049,0,same-wrap
20102,21550,0.03016571119669722,0,same-wrap
20102,23213,0.7846049034875199,1,same-wrap
20102,24666,0.8955292734264257,1,same-wrap
20102,18774,0.016685778351664998,0,same-wrap
20102,21714,0.023176112471311575,0,same-wrap
21550,21596,0.03167261806325074,0,same-wrap
21550,18774,0.11338841453117293,0,same-wrap
21550,21622,0.013297116943639978,0,same-wrap
21550,21714,0.025150956751085453,0,same-wrap
21596,21622,0.015088902031422763,0,same-wrap
21596,21714,0.37577198950680013,1,same-wrap
21596,21831,0.01882747458621688,0,same-wrap
21796,22962,0.006318021691176755,0,same-wrap
21796,23455,0.02417168539750995,0,same-wrap
22128,21831,0.029731812746212005,0,same-wrap
22128,22600,0.025125238241387304,0,same-wrap
22376,22733,0.019961547761255125,0,same-wrap
22962,23455,0.02680539854623818,0,same-wrap
22962,25218,0.04904625548164252,0,same-wrap
23213,23934,0.04324511912333568,0,same-wrap
23213,24492,0.10014940518953948,0,same-wrap
23213,24666,0.10162557299899112,0,same-wrap
23213,18774,0.025143630115066595,0,same-wrap
23213,20313,0.23078559485760797,0,same-wrap
23213,21714,0.7122069610382762,1,same-wrap
23455,23843,0.04896805500738826,0,same-wrap
23455,24061,0.07009424477662864,0,same-wrap
23455,25218,0.03470441345969522,0,same-wrap
23843,24061,0.030160364646612866,0,same-wrap
23843,24615,0.06715487364767055,0,same-wrap
23843,36784,0.6154684507317847,1,same-wrap
23934,24492,0.05848815815577999,0,same-wrap
23934,24615,0.9970604825505436,1,adjacent
23934,24787,0.03227607174666659,0,same-wrap
23934,27405,0.0578673545942972,0,same-wrap
23934,39706,0.9880738442223018,1,adjacent
23934,20313,0.7168331814684816,1,adjacent
23934,36784,0.997082806947412,1,adjacent
24061,24615,0.035555893919311056,0,same-wrap
24061,28779,0.015903612917564623,0,same-wrap
24061,34259,0.10773505842894261,0,same-wrap
24553,24787,0.004090057946610426,0,same-wrap
24553,26244,0.1602927519575584,0,same-wrap
24553,27405,0.01130914644483643,0,same-wrap
24615,24813,0.024011880061169114,0,same-wrap
24615,29476,0.02754241186703714,0,same-wrap
24615,34259,0.013497887613571478,0,same-wrap
24615,39706,0.22394405965630015,0,same-wrap
24615,36784,0.030551394527253986,0,same-wrap
24666,18774,0.017450057559106374,0,same-wrap
24666,20313,0.018709957239051167,0,same-wrap
24787,26244,0.0077591383875660995,0,same-wrap
24787,27405,0.004107076746515565,0,same-wrap
24813,29476,0.020245852558893218,0,same-wrap
24813,39706,0.013920963064994683,0,same-wrap
25218,25507,0.011699796537940208,0,same-wrap
25218,25841,0.018099872739544814,0,same-wrap
25507,25841,0.024404838742045333,0,same-wrap
25841,28168,0.08187152327202525,0,same-wrap
25841,28779,0.7491498879810253,1,same-wrap
26244,27405,0.03503968123823441,0,same-wrap
26244,33491,0.049562908783120106,0,same-wrap
26244,22600,0.7969882605644677,1,same-wrap
28168,28779,0.6875401980153497,1,same-wrap
28168,31596,0.6612198502582559,1,same-wrap
28779,29279,0.013627266180080092,0,same-wrap
28779,31596,0.021392042180746244,0,same-wrap
28779,34259,0.005415266090554626,0,same-wrap
29279,29476,0.02221470085400497,0,same-wrap
29279,31344,0.0959151995314261,0,same-wrap
29279,31596,0.014843334039867291,0,same-wrap
29279,32103,0.12876875418874856,0,same-wrap
29279,34259,0.00970680594199997,0,same-wrap
29417,31740,0.005979566214288519,0,same-wrap
29417,35862,0.0020380715550458732,0,same-wrap
29476,34259,0.059207658415963774,0,same-wrap
31344,31596,0.029626316609074117,0,same-wrap
31344,32103,0.010340193690892873,0,same-wrap
31344,32358,0.005870177046820586,0,same-wrap
31596,32358,0.005882466234957033,0,same-wrap
31740,35862,0.05809684530511957,0,same-wrap
31740,29783,0.005099465118424754,0,same-wrap
31740,41252,0.015378753668613422,0,same-wrap
32103,32358,0.024242754971635784,0,same-wrap
33416,36817,0.21480013910678344,0,same-wrap
33416,37418,0.008893476177289805,0,same-wrap
33416,29783,0.011723176402911496,0,same-wrap
33491,22600,0.8379326970069398,1,same-wrap
33986,34071,0.008710113920771964,0,same-wrap
33986,34161,0.01894965725558409,0,same-wrap
33986,39463,0.0417668398311647,0,same-wrap
34071,34161,0.24064984703592276,0,same-wrap
34071,39463,0.11302684656972138,0,same-wrap
34161,35864,0.023055278325438917,0,same-wrap
35862,35864,0.07693736483146747,0,same-wrap
35862,45992,0.008193716533790248,0,same-wrap
35862,41252,0.04258588928215614,0,same-wrap
35864,39483,0.21244158062429813,0,same-wrap
35864,45992,0.05480607845268697,0,same-wrap
35864,53676,0.036853894313669505,0,same-wrap
35864,39463,0.21554667829250276,0,same-wrap
36817,37418,0.029974618574973116,0,same-wrap
36817,41408,0.7423019460542617,1,same-wrap
36817,29783,0.04137989684386791,0,same-wrap
37320,39706,0.045080714535791724,0,same-wrap
37320,36784,0.06266791325356703,0,same-wrap
37418,41408,0.14680930490234423,0,same-wrap
37418,45992,0.911388201623677,1,same-wrap
37418,29783,0.09190507848680404,0,same-wrap
37418,41252,0.8444985141667769,1,same-wrap
39483,53676,0.03177498756967479,0,same-wrap
39483,39463,0.029670620881127225,0,same-wrap
39706,36784,0.06694319300721947,0,same-wrap
41408,45209,0.05297687001433987,0,same-wrap
41408,45992,0.010000879765600683,0,same-wrap
41408,53676,0.024169043952185342,0,same-wrap
45992,53676,0.037713379383137104,0,same-wrap
45992,41252,0.6079180709331184,1,same-wrap
48605,52159,0.01312448562937954,0,same-wrap
48862,51179,0.014775760634036007,0,same-wrap
48862,51913,0.04604694131002478,0,same-wrap
48862,53702,0.05339518450388278,0,same-wrap
49378,50385,0.021063640790424037,0,same-wrap
49378,51172,0.06401997280694466,0,same-wrap
49378,51179,0.01842963554484161,0,same-wrap
50385,51172,0.00503481318058416,0,same-wrap
50385,51179,0.01216342056740362,0,same-wrap
50385,53702,0.007328855573113603,0,same-wrap
50402,50983,0.045710824637110646,0,same-wrap
50402,50738,0.025034622103390507,0,same-wrap
50983,35771,0.9878636315508539,1,same-wrap
50983,50738,0.020326183175328624,0,same-wrap
51172,51179,0.0552703031531078,0,same-wrap
51172,53702,0.014542513970751039,0,same-wrap
51179,51913,0.06653998844908392,0,same-wrap
51179,53702,0.050320448983401454,0,same-wrap
51913,53702,0.06431571285354074,0,same-wrap
67658,67863,0.013414830895495968,0,same-wrap
67853,67863,0.03543857602689249,0,same-wrap
67853,67868,0.022917586855093472,0,same-wrap
67853,68225,0.023941354457101955,0,same-wrap
67853,88263,0.683794634995907,1,adjacent
67863,67868,0.010844022967577594,0,same-wrap
67863,67695,0.03162936070859272,0,same-wrap
67868,68225,0.006392738510025725,0,same-wrap
75202,76500,0.00557364687748706,0,same-wrap
76697,76787,0.026494451000090583,0,same-wrap
76697,77112,0.030171714676053098,0,same-wrap
76697,78235,0.026804432629301492,0,same-wrap
76697,78543,0.032850206151441436,0,same-wrap
76697,84567,0.16281391341526114,0,same-wrap
76787,78235,0.03152361815164261,0,same-wrap
77112,78235,0.061686659860473565,0,same-wrap
77112,78543,0.030030213776267817,0,same-wrap
77112,84567,0.03408973717407457,0,same-wrap
78235,78543,0.03629581830704031,0,same-wrap
78235,84567,0.17661192967605727,0,same-wrap
78543,78912,0.00215242023051026,0,same-wrap
78543,84567,0.027764638266697898,0,same-wrap
78543,88262,0.033903017065205494,0,same-wrap
78912,84655,0.0022476100785142083,0,same-wrap
84567,88262,0.04068111554662833,0,same-wrap
84655,88262,0.07410495198333736,0,same-wrap
84655,88263,0.07020965707651948,0,same-wrap
89934,90031,0.026559030241510014,0,same-wrap
89934,90032,0.02428385971499586,0,same-wrap
89934,90086,0.01611743092270099,0,same-wrap
89934,91954,0.044030945062335146,0,same-wrap
89934,93631,0.04687603445808594,0,same-wrap
89934,93827,0.26504280190326507,0,same-wrap
89934,94387,0.04835715720445176,0,same-wrap
90031,90032,0.05625585716259086,0,same-wrap
90031,90086,0.0290275415818829,0,same-wrap
90031,91954,0.005074015929201258,0,same-wrap
90031,94387,0.02952393303390005,0,same-wrap
90032,90086,0.0110811281208889,0,same-wrap
90032,91954,0.013592884548688254,0,same-wrap
90086,91391,0.006176772357853852,0,same-wrap
90086,91758,0.028447230413543835,0,same-wrap
90086,91954,0.0089591805924491,0,same-wrap
90086,93234,0.03235016204486192,0,same-wrap
90086,93567,0.01518800834450243,0,same-wrap
91391,91758,0.027425454791773208,0,same-wrap
91391,91954,0.013158001693850776,0,same-wrap
91391,93234,0.07554643770442403,0,same-wrap
91758,91954,0.018778390563584404,0,same-wrap
91758,93234,0.004139557309514243,0,same-wrap
91758,93567,0.004378092222859334,0,same-wrap
93234,93567,0.018055744204920437,0,same-wrap
93631,93827,0.011660718951203318,0,same-wrap
93631,94387,0.020821543343925712,0,same-wrap
93631,93844,0.006638061168078858,0,same-wrap
93827,94387,0.014511355662785401,0,same-wrap
93827,93844,0.009560965589936072,0,same-wrap
94387,93844,0.00851602474132631,0,same-wrap
110095,110270,0.0034562691435228153,0,same-wrap
110095,110422,0.008810442146001374,0,same-wrap
110270,110422,0.008499186800964615,0,same-wrap
110422,115469,0.016260010118908614,0,same-wrap
110422,111200,0.007360776487073888,0,same-wrap
110915,110955,0.044274990991781726,0,same-wrap
110915,111128,0.21340625559496956,0,same-wrap
110955,111128,0.03236666544626992,0,same-wrap
110955,112068,0.028114154976581002,0,same-wrap
111128,111668,0.054245240542301724,0,same-wrap
111128,111703,0.08643977622337856,0,same-wrap
111128,112068,0.04224383658858738,0,same-wrap
111128,112177,0.012072877047044024,0,same-wrap
111128,112278,0.06591963413788982,0,same-wrap
111668,111703,0.044053610118210365,0,same-wrap
111668,112068,0.0228252189431742,0,same-wrap
111668,112278,0.011084012479547241,0,same-wrap
111703,112177,0.008935668209674154,0,same-wrap
111703,112278,0.017165747491770873,0,same-wrap
112177,112278,0.025982997099458317,0,same-wrap
114275,112481,0.02205013586579342,0,same-wrap
114275,112991,0.00761606152558582,0,same-wrap
115469,111200,0.022338734822770233,0,same-wrap
119893,121864,0.036146197315093775,0,same-wrap
119893,123107,0.025722797317153316,0,same-wrap
119893,124372,0.01347296201931522,0,same-wrap
119893,118813,0.08211106626854207,0,same-wrap
121864,123244,0.030095992413058013,0,same-wrap
122489,122809,0.023589417141850585,0,same-wrap
122489,123054,0.013298528247255031,0,same-wrap
122489,123107,0.18336596804004957,0,same-wrap
122489,123244,0.030106070745769816,0,same-wrap
122489,123578,0.05966899330322324,0,same-wrap
122809,123054,0.00848698448615842,0,same-wrap
122809,124372,0.0083540980071457,0,same-wrap
123054,123107,0.014634213266159341,0,same-wrap
123054,124372,0.013510333954826374,0,same-wrap
123107,123244,0.046007866466626336,0,same-wrap
123107,123636,0.5482691783500588,1,adjacent
123107,124372,0.002941726565859567,0,same-wrap
123244,123578,0.01219128373531273,0,same-wrap
123579,123586,0.007230746053904626,0,same-wrap
123579,124006,0.011909781135426607,0,same-wrap
123579,125904,0.06622275852584278,0,same-wrap
123579,123099,0.00595294397099412,0,same-wrap
123586,123596,0.016389598246068466,0,same-wrap
123586,124520,0.27060185029035827,0,same-wrap
123586,125904,0.024125491637509298,0,same-wrap
123586,126166,0.031058879317029997,0,same-wrap
123586,126348,0.017191650022780423,0,same-wrap
123586,127067,0.9981139823659496,1,adjacent
123586,127661,0.9992352530822076,1,adjacent
123586,128788,0.9994746580843019,1,adjacent
123586,130816,0.9993364573824873,1,adjacent
123586,132394,0.9991932844644982,1,adjacent
123586,123001,0.01245137750787658,0,same-wrap
123586,123099,0.010157186676273243,0,same-wrap
123586,123838,0.013893971220709202,0,same-wrap
123586,126170,0.016900157217945508,0,adjacent
123596,123636,0.5796320388234341,1,adjacent
123596,123861,0.04568110506709561,0,same-wrap
123596,126166,0.3481879356402952,1,same-wrap
123596,127067,0.9438317726370057,1,adjacent
123596,126170,0.9826933630285754,1,adjacent
123636,123861,0.009257379074921766,0,same-wrap
123636,125904,0.00523196870817208,0,same-wrap
124006,123099,0.020622140803112178,0,same-wrap
124372,118813,0.005962469149799184,0,same-wrap
124372,120999,0.019297338575848273,0,same-wrap
124520,126166,0.009638275886471214,0,same-wrap
124520,126348,0.0044838270817560075,0,same-wrap
125307,127761,0.02178552456398285,0,same-wrap
125307,126170,0.007278251435557701,0,same-wrap
125683,126645,0.024228878288029256,0,same-wrap
125683,130213,0.019824763317708338,0,same-wrap
125904,123099,0.13859035683159707,0,same-wrap
126166,126348,0.01161380344173026,0,same-wrap
126645,127067,0.056111270461452256,0,same-wrap
126645,126170,0.008985114562975894,0,same-wrap
127067,127661,0.019674353811044976,0,same-wrap
127067,130595,0.005531166060142546,0,same-wrap
127067,126170,0.018956502606260583,0,same-wrap
127661,126170,0.009796349997320477,0,same-wrap
127761,128049,0.11241203467717806,0,same-wrap
127761,127464,0.015512932093447104,0,same-wrap
128049,130595,0.013629573072286358,0,same-wrap
128049,126170,0.03975519494003646,0,adjacent
128146,128788,0.04693747531593536,0,same-wrap
128146,130816,0.04289520200259818,0,same-wrap
128146,134397,0.7726630652491618,1,adjacent
128146,127464,0.01640511562539043,0,same-wrap
128788,130816,0.008482693542807961,0,same-wrap
128788,134397,0.8952343508362037,1,adjacent
130213,129374,0.014361392596237242,0,same-wrap
130595,134119,0.9917192443397939,1,adjacent
130595,134252,0.983570836189791,1,adjacent
130595,134397,0.9340966991342398,1,adjacent
130595,134483,0.991071924087591,1,adjacent
130816,132394,0.013474424023093406,0,same-wrap
132394,123001,0.9996922107524591,1,adjacent
132394,129374,0.0029704209364472462,0,same-wrap
133008,133669,0.023133049091297493,0,same-wrap
133008,133079,0.007595336979751319,0,same-wrap
133185,133198,0.04049361440141602,0,same-wrap
133185,133350,0.04570259804185284,0,same-wrap
133185,134100,0.03976985169423125,0,same-wrap
133185,134119,0.056017277113931896,0,same-wrap
133185,134483,0.0075759469707151715,0,same-wrap
133185,133079,0.02345288728159159,0,same-wrap
133198,134100,0.06188739607590498,0,same-wrap
133198,134483,0.044446251147073616,0,same-wrap
133226,133339,0.01155745099312649,0,same-wrap
133226,133593,0.020350009950711134,0,same-wrap
133226,133785,0.11169265907157426,0,same-wrap
133339,133467,0.12941589430456354,0,same-wrap
133339,133593,0.0411472754767551,0,same-wrap
133339,133785,0.10112513334579613,0,same-wrap
133350,134100,0.012272506380409918,0,same-wrap
133350,134528,0.030149146201086854,0,same-wrap
133467,133593,0.009926654147274182,0,same-wrap
133467,144203,0.996282546092885,1,adjacent
133593,133785,0.03343406790897115,0,same-wrap
133593,144203,0.7810264206674632,1,adjacent
133669,134119,0.07848009001711374,0,same-wrap
133669,133079,0.019406894524102804,0,same-wrap
133785,134252,0.13551552312792967,0,same-wrap
134100,134119,0.028344853894798506,0,same-wrap
134100,134483,0.10050539291713949,0,same-wrap
134100,134528,0.028775255447026575,0,same-wrap
134119,134252,0.02907932113314505,0,same-wrap
134119,134397,0.21492879515688482,0,same-wrap
134119,134483,0.06547203710563892,0,same-wrap
134119,133079,0.05777353387141404,0,same-wrap
134252,134397,0.025183969425548177,0,same-wrap
134252,134483,0.008120663573045648,0,same-wrap
134252,133079,0.01646297652163971,0,same-wrap
134397,134483,0.04023926856021117,0,same-wrap
134479,134773,0.0622953468350108,0,same-wrap
134479,136033,0.044086363478292534,0,same-wrap
134483,134528,0.10722273408481259,0,same-wrap
134483,134644,0.10198835974274813,0,same-wrap
134483,134773,0.07302896328356187,0,same-wrap
134483,135164,0.016130374843008295,0,same-wrap
134483,133079,0.020292030371569705,0,same-wrap
134644,134773,0.07212842885953452,0,same-wrap
134644,135164,0.058841819755639804,0,same-wrap
134773,136033,0.00793859670342037,0,same-wrap
141857,142041,0.008225960429214722,0,same-wrap
142041,142081,0.01799976756255494,0,same-wrap
142041,142346,0.011857942401691022,0,same-wrap
142041,145513,0.09295815139794199,0,same-wrap
142081,142346,0.04580427522721346,0,same-wrap
142081,144361,0.027605503107370075,0,same-wrap
142081,145513,0.01805905594838789,0,same-wrap
142346,143510,0.017256089615897533,0,same-wrap
142346,144203,0.01281471233337597,0,same-wrap
142346,144308,0.006478039763970595,0,same-wrap
143231,144084,0.015043532395998179,0,same-wrap
143231,144203,0.018216499872511022,0,same-wrap
143231,142896,0.016221068599756798,0,same-wrap
143510,144203,0.057556641690040065,0,same-wrap
144084,144160,0.04201242771778515,0,same-wrap
144084,151425,0.9845979429417495,1,adjacent
144084,142896,0.00852233491845814,0,same-wrap
144160,144365,0.010763030043952862,0,same-wrap
144160,146581,0.013559448479348583,0,same-wrap
144160,145768,0.050343071737933336,0,same-wrap
144203,142896,0.026027488679788276,0,same-wrap
144208,144236,0.014748386206046585,0,same-wrap
144208,144243,0.002857935532982652,0,same-wrap
144208,144361,0.027066443460684552,0,same-wrap
144208,144873,0.009315052649844018,0,same-wrap
144208,145513,0.02275447406618198,0,same-wrap
144208,145557,0.08753810158866275,0,same-wrap
144236,144243,0.0070363275425876426,0,same-wrap
144236,144361,0.02712032305439662,0,same-wrap
144236,144365,0.0578584521015787,0,same-wrap
144236,144873,0.00883774344708152,0,same-wrap
144243,144361,0.025368983204029322,0,same-wrap
144243,144365,0.022878039971877356,0,same-wrap
144243,144873,0.008691577724941469,0,same-wrap
144308,146581,0.053953117836249856,0,same-wrap
144308,145768,0.1653876622251506,0,same-wrap
144361,144365,0.012655664753278072,0,same-wrap
144361,145513,0.12244231071902763,0,same-wrap
144361,145557,0.06528989133779119,0,same-wrap
144361,146581,0.008248209958505566,0,same-wrap
144365,146581,0.014014138726507556,0,same-wrap
145513,145557,0.022255704896303578,0,same-wrap
145628,149405,0.14284374707562125,0,same-wrap
145628,149401,0.06309307298644877,0,same-wrap
145628,152342,0.7925026008488883,1,same-wrap
145835,149401,0.8750511500169016,1,adjacent
145835,152342,0.9994373103873748,1,adjacent
145835,152578,0.9563304169938738,1,adjacent
145835,153302,0.9995882627363257,1,adjacent
146090,146586,0.7986400501464342,1,adjacent
146090,150217,0.994515793648566,1,adjacent
146090,146003,0.027720068842732686,0,same-wrap
146090,146266,0.9792153582881613,1,adjacent
146090,146493,0.038443194953558676,0,same-wrap
146090,146687,0.9994335271131801,1,adjacent
146090,146835,0.01818473842940468,0,same-wrap
146090,146868,0.1778007375860155,0,same-wrap
146090,147012,0.956783399751854,1,adjacent
146565,146987,0.9032004374373074,1,same-wrap
146565,147149,0.2831468063059555,0,same-wrap
146565,148614,0.7426119429335809,1,same-wrap
146565,146493,0.008100129882209506,0,same-wrap
146565,146915,0.0906743516517017,0,same-wrap
146581,145768,0.14674811738792512,0,same-wrap
146586,146668,0.03402259481652151,0,same-wrap
146586,146857,0.122949217008462,0,same-wrap
146586,147901,0.13049975672201128,0,same-wrap
146586,150217,0.020200173644459144,0,same-wrap
146586,146266,0.13418556244569474,0,same-wrap
146586,146687,0.05455560534825754,0,adjacent
146586,146835,0.9222004944232278,1,adjacent
146586,146868,0.997664126253795,1,adjacent
146586,147012,0.006708624744961639,0,same-wrap
146586,148270,0.032569943209289756,0,same-wrap
146668,150217,0.039084500333863376,0,same-wrap
146668,146266,0.335933992375104,1,adjacent
146668,146687,0.029501742045626052,0,same-wrap
146668,147012,0.0025562240788825027,0,same-wrap
146668,147226,0.07888084474935216,0,same-wrap
146668,148270,0.04111103426632835,0,same-wrap
146857,147030,0.01899312976063368,0,same-wrap
146857,147544,0.18602207375283375,0,same-wrap
146857,147901,0.03245043715280965,0,same-wrap
146857,150217,0.026585521659802776,0,same-wrap
146857,146266,0.03005964086124946,0,same-wrap
146857,146687,0.022694549881488172,0,same-wrap
146857,147012,0.02963559599586865,0,same-wrap
146857,148270,0.0314529076336788,0,same-wrap
146857,148460,0.038322083699191115,0,same-wrap
146987,147594,0.010837569531684426,0,same-wrap
146987,147816,0.12055404176756682,0,same-wrap
146987,149736,0.008743175673053284,0,same-wrap
146987,151425,0.005358011783860391,0,same-wrap
146987,146868,0.9980571349190358,1,adjacent
146987,146915,0.9858949613355534,1,adjacent
147030,147544,0.02118588903464465,0,same-wrap
147030,148173,0.022010242349147266,0,same-wrap
147030,145997,0.9965545181406245,1,adjacent
147030,146003,0.9995711807008613,1,adjacent
147030,146266,0.06868795890127952,0,adjacent
147030,147012,0.005136083270991869,0,same-wrap
147030,148270,0.007795554552584029,0,same-wrap
147149,148436,0.015865001859436706,0,same-wrap
147149,146868,0.013314093539982051,0,same-wrap
147149,146915,0.015381978588663359,0,same-wrap
147149,147549,0.16777360610708292,0,same-wrap
147274,148339,0.9753793378843356,1,adjacent
147274,146003,0.036139116390429236,0,same-wrap
147274,146835,0.024688033534730258,0,same-wrap
147274,146868,0.012693979919215769,0,same-wrap
147274,147888,0.01829705352128969,0,adjacent
147274,148358,0.9991202192455187,1,adjacent
147274,148460,0.9996295321523782,1,adjacent
147544,148173,0.0702931506782764,0,same-wrap
147544,148488,0.02873347267077468,0,same-wrap
147544,145997,0.9996358196834924,1,adjacent
147544,148392,0.07871479368503803,0,same-wrap
147544,148460,0.038249226397548027,0,same-wrap
147544,148579,0.01698458153967301,0,same-wrap
147544,152578,0.9907805341726685,1,adjacent
147594,147816,0.010359423522850922,0,same-wrap
147594,148614,0.03426275916919417,0,same-wrap
147594,149736,0.010026153325377294,0,same-wrap
147594,153535,0.0207264758778519,0,same-wrap
147594,146868,0.9985674515597732,1,adjacent
147594,146915,0.9969105816208856,1,adjacent
147594,147764,0.7053240865534206,1,adjacent
147594,147958,0.1593248415700487,0,same-wrap
147816,148436,0.9992451213437795,1,adjacent
147816,147549,0.9949819213195303,1,adjacent
147816,147764,0.7128344892530049,1,adjacent
147816,147958,0.017379855294440742,0,same-wrap
147897,147967,0.0025706427727952585,0,same-wrap
147897,150217,0.00404568279832826,0,same-wrap
147897,163076,0.9996538212757281,1,adjacent
147897,163132,0.9996331835587642,1,adjacent
147897,147226,0.006528858640264689,0,same-wrap
147897,148587,0.008057077807074287,0,same-wrap
147901,150217,0.024350276742997827,0,adjacent
147901,146687,0.021340826341838644,0,same-wrap
147901,147012,0.010225095347343727,0,same-wrap
147901,148460,0.05530272525679626,0,same-wrap
147901,148587,0.011885939091606249,0,same-wrap
147967,148587,0.02043305085869364,0,same-wrap
148173,146003,0.9968828111077254,1,adjacent
148173,148270,0.0321339580208122,0,same-wrap
148173,148392,0.10696981587921038,0,same-wrap
148173,148460,0.13289056142360622,0,same-wrap
148339,148720,0.004535347825328597,0,same-wrap
148339,147888,0.9993670096681776,1,adjacent
148339,148358,0.012821912155951683,0,same-wrap
148339,148460,0.002372245687574891,0,same-wrap
148339,148587,0.01755750728997442,0,same-wrap
148436,150217,0.9990991082829613,1,adjacent
148436,153535,0.9621372609433737,1,adjacent
148436,146868,0.02022072577456481,0,same-wrap
148436,147549,0.027206050429012283,0,same-wrap
148436,147764,0.9960616575662564,1,adjacent
148436,147958,0.9989952494867885,1,adjacent
148488,148392,0.010309386929727387,0,same-wrap
148488,148579,0.00605399264414759,0,same-wrap
148614,149736,0.002550052594030186,0,same-wrap
148614,151425,0.04499416537134446,0,same-wrap
148614,146493,0.960923431435448,1,adjacent
148614,146915,0.8223294579773697,1,adjacent
148720,154174,0.9990978574325038,1,adjacent
148720,148358,0.03504575450410256,0,same-wrap
148720,148460,0.004690487852932233,0,same-wrap
148720,148579,0.008860766691234392,0,same-wrap
149405,153798,0.0180066600591589,0,same-wrap
149405,149401,0.10109871388587488,0,same-wrap
149405,152342,0.8752357570625569,1,same-wrap
149405,153345,0.03106993512630505,0,same-wrap
149736,151425,0.019546933760285608,0,same-wrap
149736,146915,0.3250731688495007,0,same-wrap
150117,153535,0.9903161751625003,1,adjacent
150117,147764,0.03512903351300912,0,same-wrap
150117,147958,0.07682367133914791,0,same-wrap
150217,146266,0.3061492483231012,0,same-wrap
150217,146687,0.12598282211382245,0,same-wrap
150217,146835,0.9989311857101545,1,adjacent
150217,146868,0.9990682289253525,1,adjacent
150217,147012,0.034271445614236555,0,same-wrap
150217,147226,0.02192785112101439,0,same-wrap
150217,148358,0.2239586227092894,0,same-wrap
150217,148460,0.1346961283462496,0,same-wrap
150217,148587,0.011510768201510674,0,same-wrap
150914,153535,0.06877333738763826,0,same-wrap
150914,147958,0.968510730664,1,adjacent
150914,151958,0.058415141055348306,0,same-wrap
151425,145768,0.8001304839484065,1,adjacent
152087,152671,0.0332554755237029,0,same-wrap
152087,152881,0.006287513188669067,0,same-wrap
152087,153503,0.20593606945423615,0,same-wrap
152671,152881,0.03125284951956746,0,same-wrap
152671,153503,0.009461808672105786,0,same-wrap
152671,153798,0.012225244635130967,0,same-wrap
152671,153345,0.018080309496239632,0,same-wrap
152881,153114,0.004363688578045073,0,same-wrap
153535,153798,0.9719873070730007,1,adjacent
153535,147888,0.02282843632565552,0,same-wrap
153535,151958,0.03764287410930993,0,same-wrap
153798,147888,0.9991369111974098,1,adjacent
153798,153114,0.04388471843105346,0,same-wrap
153798,153345,0.011739105910945841,0,same-wrap
154174,147888,0.025786863969814364,0,same-wrap
154174,153302,0.05360550158629282,0,same-wrap
163076,163132,0.01836513160225236,0,same-wrap
163076,163218,0.018536707800977183,0,same-wrap
163076,163091,0.017279140273362418,0,same-wrap
163076,163113,0.021484665250097738,0,same-wrap
163132,163218,0.05461603978296029,0,same-wrap
163132,163251,0.01511021287944588,0,same-wrap
163132,163091,0.11688616484487031,0,same-wrap
163132,163113,0.050480200742351315,0,same-wrap
163169,163188,0.014845692402524634,0,same-wrap
163169,163251,0.01810202490768742,0,same-wrap
163169,163091,0.0058270723785085405,0,same-wrap
163169,163108,0.005640903469795053,0,same-wrap
163169,163113,0.03919048133321704,0,same-wrap
163188,163251,0.02053091934118455,0,same-wrap
163188,163326,0.04928821243555751,0,same-wrap
163188,163479,0.022073633411558397,0,same-wrap
163188,163925,0.058289867256212144,0,same-wrap
163188,163091,0.027739688810863344,0,same-wrap
163188,163108,0.009915794164943726,0,same-wrap
163188,163113,0.03073041772109245,0,same-wrap
163218,163091,0.03656121349585795,0,same-wrap
163218,163113,0.05259521386922989,0,same-wrap
163251,163113,0.03185973011067584,0,same-wrap
163326,163479,0.02668829139657492,0,same-wrap
163479,163925,0.03545592181671799,0,same-wrap
163925,163108,0.0017175078767470836,0,same-wrap
761,2279,0.28615147603718627,0,same-wrap
1717,1954,0.9952290532259961,1,adjacent
1954,2279,0.9469156534419769,1,adjacent
3813,5314,0.0092714644726364,0,same-wrap
5314,7046,0.996711760797939,1,adjacent
21622,21714,0.08452949344575429,0,same-wrap
21622,21831,0.02974717023617177,0,same-wrap
21714,21831,0.017376037598863744,0,same-wrap
21831,22600,0.11410861311806896,0,same-wrap
29783,41252,0.18670980115253183,0,same-wrap
88262,88263,0.6438069899625435,1,same-wrap
112481,112991,0.008986300225819574,0,same-wrap
118813,120999,0.026492276615893366,0,same-wrap
118813,123838,0.9985195770419986,1,adjacent
123001,123838,0.0112188817030532,0,same-wrap
145997,146003,0.015282073806089308,0,same-wrap
145997,148392,0.9985961519174387,1,adjacent
145997,152578,0.03064077794397893,0,same-wrap
146003,146835,0.02249775695639934,0,same-wrap
146003,147888,0.022321617083051633,0,same-wrap
146003,148270,0.9508934654443312,1,adjacent
146003,148460,0.9997459654446345,1,adjacent
146003,152578,0.0013048557158707205,0,same-wrap
146266,146687,0.20566298946503156,0,adjacent
146266,146835,0.9717145184090931,1,adjacent
146266,146868,0.9393421725648723,1,adjacent
146266,147012,0.14141642029495502,0,adjacent
146266,148270,0.010876568288890673,0,same-wrap
146266,148460,0.004448306828354909,0,same-wrap
146493,146915,0.12462772302382626,0,same-wrap
146493,147012,0.9862005329289064,1,adjacent
146493,148270,0.9883327334376268,1,adjacent
146687,146835,0.997895192173675,1,adjacent
146687,146868,0.9952784764061012,1,adjacent
146687,148460,0.06820202403993686,0,same-wrap
146835,146868,0.015390733068539738,0,same-wrap
146835,147012,0.9855338782459503,1,adjacent
146835,147888,0.014972347484062325,0,same-wrap
146868,147012,0.9922682220351337,1,adjacent
147012,148270,0.011381471070728977,0,same-wrap
147012,148460,0.031126655852975076,0,same-wrap
147226,148587,0.010689391331609841,0,same-wrap
147549,147764,0.90406280580783,1,adjacent
147549,147958,0.960565236347594,1,adjacent
147764,147958,0.24992922649186747,0,adjacent
147888,147965,0.015247246609061398,0,same-wrap
147888,148358,0.9994467725873091,1,adjacent
147888,148460,0.9997461952662305,1,adjacent
147888,151958,0.07164337510239442,0,same-wrap
148358,148460,0.004430254994760549,0,same-wrap
148358,148587,0.023667593467891792,0,same-wrap
148392,148460,0.0460926650462543,0,same-wrap
148392,148579,0.019614305611964145,0,same-wrap
148392,152578,0.9964510953885729,1,adjacent
148460,148579,0.04323925744776973,0,same-wrap
148460,148587,0.021605031796186936,0,same-wrap
149401,152342,0.7981227777900545,1,same-wrap
149401,152578,0.9733080497079157,1,adjacent
149401,153302,0.02259517847667039,0,same-wrap
152342,152578,0.9205061735787489,1,adjacent
152342,153302,0.009309106123080724,0,same-wrap
152578,153302,0.004878061579219692,0,same-wrap
153114,153345,0.05198292072991025,0,same-wrap
153302,153345,0.9738204017223522,1,same-wrap
163091,163108,0.010169919644089195,0,same-wrap
163091,163113,0.0320579056779008,0,same-wrap
