patch,wrap_index,component,theta,k_ref,k_ref_point_agreement
48,0,0,5.937126,-25,1.0
72,0,0,6.129227,-25,1.0
90,0,0,6.065034,-25,1.0
150,0,0,6.152022,-25,0.972
162,1,0,0.01024,-24,0.988
234,1,0,0.013507,-24,0.917
238,0,0,6.187989,-25,1.0
286,1,0,0.073205,-24,1.0
293,-1,0,5.855433,-26,1.0
302,-1,0,6.11016,-26,1.0
346,-1,0,5.87901,-26,1.0
407,1,0,0.191751,-24,1.0
416,1,0,0.218927,-24,1.0
494,1,0,0.059405,-24,1.0
672,1,0,0.426685,-24,1.0
761,1,0,0.14792,-24,0.877
815,0,0,0.077888,-25,1.0
835,2,0,6.002736,-24,0.973
955,2,0,5.925994,-24,0.941
962,-1,0,6.250688,-26,1.0
1009,1,0,0.421557,-24,1.0
1107,0,0,0.081401,-25,1.0
1120,1,0,0.32578,-24,1.0
1144,-1,0,6.252805,-26,1.0
1158,0,0,0.098128,-25,0.983
1574,2,0,6.116046,-24,0.939
1665,0,0,0.505794,-25,0.914
1717,1,0,0.157259,-24,0.6
1752,2,0,6.271554,-24,1.0
1836,3,0,0.08747,-23,1.0
1849,0,0,0.206584,-25,0.961
1851,3,0,0.216492,-23,1.0
1954,0,0,0.415328,-25,0.948
2279,1,0,0.393,-24,0.886
2350,1,0,0.419563,-24,0.967
3566,3,0,0.237748,-23,0.729
3813,3,0,0.50408,-23,0.916
3841,3,0,0.26263,-23,0.974
3885,3,0,0.380938,-23,0.667
3945,-1,0,0.34639,-26,1.0
4146,-1,0,0.31088,-26,1.0
4169,-1,0,0.161373,-26,1.0
4173,3,0,0.094218,-23,0.96
4181,3,0,0.080447,-23,0.977
4297,-1,0,0.113848,-26,0.956
4337,-2,0,6.218411,-27,0.952
4593,2,0,6.278294,-24,0.981
4723,-1,0,0.202586,-26,1.0
4920,-1,0,0.131844,-26,0.975
4933,-2,0,6.277346,-27,0.962
5065,-2,0,6.235974,-27,0.978
5069,-2,0,6.043387,-27,1.0
5314,3,0,0.462368,-23,0.829
5527,-2,0,6.043893,-27,1.0
5548,3,0,0.498115,-23,1.0
5551,-2,0,6.269982,-27,0.977
5613,3,0,5.991634,-23,0.941
5718,3,0,6.24208,-23,0.98
5791,-2,0,6.274643,-27,1.0
5869,-2,0,6.001333,-27,1.0
6007,2,0,6.132641,-24,1.0
6019,2,0,6.239599,-24,1.0
6200,-2,0,5.887976,-27,1.0
6252,0,0,0.259782,-25,0.875
6377,4,0,0.109777,-22,0.98
6685,4,0,0.322574,-22,0.98
6738,4,0,0.062218,-22,1.0
6760,4,0,0.157203,-22,0.917
6859,0,0,0.362909,-25,1.0
7009,3,0,6.137646,-23,0.981
7046,4,0,0.42609,-22,0.909
7086,-2,0,0.121344,-27,1.0
7146,4,0,0.252884,-22,0.862
7189,3,0,6.032042,-23,0.875
7253,-2,0,6.042326,-27,1.0
7386,4,0,0.247625,-22,0.88
7443,-3,0,6.09681,-28,1.0
7467,3,0,6.085422,-23,0.907
7471,-3,0,5.850575,-28,1.0
7575,3,0,6.224459,-23,0.981
7689,-3,0,6.247612,-28,1.0
7807,-2,0,0.084339,-27,1.0
7821,-3,0,6.261054,-28,0.983
7828,4,0,0.157555,-22,1.0
7842,3,0,5.9639,-23,0.926
7904,0,0,0.297834,-25,0.591
8078,-2,0,0.136832,-27,0.96
8261,-3,0,6.167877,-28,1.0
8372,-3,0,6.079835,-28,1.0
8759,4,0,5.998949,-22,0.918
8815,4,0,5.959869,-22,0.98
8830,4,0,6.18567,-22,1.0
8866,4,0,6.171339,-22,0.978
9464,-3,0,6.056634,-28,0.99
9573,4,0,0.006718,-22,0.925
9692,-2,0,0.308091,-27,0.971
10594,5,0,0.152618,-21,1.0
10953,4,0,6.250925,-22,0.917
11336,-3,0,5.991932,-28,1.0
11406,4,0,6.181189,-22,0.976
11892,4,0,6.116038,-22,1.0
11949,4,0,6.08543,-22,1.0
12742,4,0,6.155771,-22,0.975
14085,5,0,0.26064,-21,1.0
15018,5,0,0.054991,-21,1.0
15074,5,0,0.257281,-21,1.0
15244,5,0,0.165711,-21,1.0
15283,5,0,0.0401,-21,0.864
15640,5,0,0.360647,-21,1.0
16324,5,0,0.35057,-21,1.0
16428,5,0,0.324436,-21,1.0
16793,5,0,0.224241,-21,1.0
17041,5,0,0.325405,-21,1.0
17494,5,0,0.202558,-21,1.0
17775,-4,0,5.854337,-29,0.979
18101,-4,0,6.143804,-29,1.0
18303,5,0,0.033564,-21,0.952
18774,5,0,6.20285,-21,0.975
20067,5,0,0.388512,-21,1.0
20079,6,0,0.132979,-20,1.0
20102,5,0,6.136576,-21,0.962
20266,5,0,0.102134,-21,1.0
20313,6,0,0.097991,-20,0.917
21550,5,0,6.021717,-21,0.958
21596,5,0,6.056788,-21,0.932
21622,5,0,5.978751,-21,0.938
21714,5,0,6.159753,-21,0.725
21796,6,0,6.110561,-20,0.984
21831,5,0,6.136964,-21,0.965
22128,5,0,6.224018,-21,0.9
22376,4,0,6.23062,-22,0.931
22600,5,0,6.26396,-21,0.968
22733,4,0,6.217603,-22,0.9
22790,5,0,6.160035,-21,0.967
22962,6,0,5.975589,-20,0.979
23213,6,0,0.047854,-20,0.842
23455,6,0,6.160961,-20,0.974
23843,6,0,6.276097,-20,1.0
23934,6,0,0.168059,-20,0.831
24061,7,0,0.059765,-19,0.943
24492,6,0,0.08294,-20,0.857
24553,6,0,0.31604,-20,1.0
24615,7,0,0.133733,-19,0.923
24666,6,0,0.018125,-20,1.0
24787,6,0,0.236794,-20,1.0
24813,7,0,0.263172,-19,1.0
25218,6,0,5.956565,-20,0.988
25507,6,0,6.117055,-20,1.0
25841,6,0,6.05517,-20,0.978
26244,6,0,0.195851,-20,1.0
26854,6,0,6.130274,-20,0.962
27405,6,0,0.32105,-20,1.0
28168,6,0,6.273683,-20,0.971
28779,7,0,0.045409,-19,0.953
29279,7,0,0.160738,-19,0.98
29417,7,0,6.113303,-19,0.971
29476,7,0,0.218687,-19,1.0
29783,7,0,6.048775,-19,0.85
31344,7,0,0.211443,-19,0.966
31596,7,0,0.151594,-19,1.0
31740,7,0,6.017641,-19,0.954
32103,7,0,0.335408,-19,1.0
32358,7,0,0.362823,-19,1.0
33416,7,0,6.134244,-19,0.964
33491,6,0,0.164245,-20,1.0
33986,8,0,0.266936,-18,1.0
34071,8,0,0.267515,-18,1.0
34161,8,0,0.168105,-18,1.0
34259,7,0,0.127219,-19,1.0
35771,8,0,0.286051,-18,0.906
35862,7,0,6.274612,-19,0.984
35864,8,0,0.109218,-18,1.0
36784,7,0,0.113356,-19,0.846
36817,7,0,6.259778,-19,0.818
37320,7,0,0.227828,-19,1.0
37418,7,0,6.200595,-19,0.833
37545,7,0,2.261001,-19,1.0
39463,8,0,0.262434,-18,1.0
39483,8,0,0.236082,-18,1.0
39706,7,0,0.24552,-19,0.963
41252,7,0,6.197661,-19,0.791
41408,8,0,0.05947,-18,0.93
44104,8,0,2.282368,-18,0.968
45209,8,0,0.095263,-18,0.902
45992,8,0,0.023659,-18,1.0
48605,9,0,0.274537,-17,1.0
48862,9,0,2.247598,-17,0.854
49378,9,0,2.232601,-17,1.0
50385,9,0,2.234486,-17,0.976
50402,9,0,0.25857,-17,0.972
50738,9,0,0.177424,-17,0.818
50983,9,0,0.293421,-17,0.788
51172,9,0,2.368976,-17,0.983
51179,9,0,2.13318,-17,0.961
51913,9,0,2.328792,-17,0.591
52159,9,0,0.247675,-17,1.0
53676,8,0,0.130831,-18,1.0
53702,9,0,2.449995,-17,0.738
59241,10,0,0.345097,-16,1.0
59289,10,0,0.275619,-16,0.977
67658,10,0,2.401117,-16,1.0
67695,10,0,2.158492,-16,0.719
67853,10,0,2.355229,-16,0.925
67863,10,0,2.274269,-16,1.0
67868,10,0,2.236107,-16,0.951
68225,10,0,2.136898,-16,0.8
69629,9,0,6.048656,-17,1.0
75202,11,0,0.307114,-15,0.975
76500,11,0,0.279033,-15,0.81
76697,11,0,2.155489,-15,1.0
76787,11,0,2.359346,-15,1.0
77112,11,0,2.289978,-15,1.0
78235,11,0,2.350443,-15,1.0
78543,11,0,2.382106,-15,1.0
78912,11,0,2.393374,-15,1.0
80066,9,0,6.101507,-17,0.978
84567,11,0,2.246344,-15,1.0
84655,11,0,2.349353,-15,0.968
88262,11,0,2.223766,-15,0.939
88263,11,0,2.218808,-15,0.785
89934,12,0,2.156793,-14,1.0
90031,12,0,2.238701,-14,1.0
90032,12,0,2.196845,-14,1.0
90086,12,0,2.265935,-14,0.986
91391,12,0,2.106792,-14,1.0
91758,12,0,2.278684,-14,1.0
91954,12,0,2.091371,-14,1.0
93234,12,0,2.401708,-14,1.0
93396,8,0,6.107489,-18,0.967
93567,12,0,2.491392,-14,1.0
93631,12,0,2.292456,-14,1.0
93827,12,0,2.369224,-14,1.0
93844,12,0,2.46091,-14,1.0
94387,12,0,2.384817,-14,1.0
106449,14,0,0.330468,-12,1.0
110095,24,0,2.229341,-3,1.0
110270,24,0,2.232643,-3,1.0
110422,24,0,2.364672,-3,1.0
110915,13,0,2.578131,-13,1.0
110955,13,0,2.387843,-13,1.0
111031,13,0,2.184026,-13,1.0
111128,13,0,2.327844,-13,1.0
111200,24,0,2.44157,-3,1.0
111668,13,0,2.141336,-13,0.982
111703,13,0,2.285669,-13,0.94
112068,13,0,2.0891,-13,1.0
112177,13,0,2.384033,-13,0.974
112278,13,0,2.169263,-13,0.926
112481,24,0,2.239619,-3,1.0
112543,24,0,2.241779,,
112847,24,0,2.148533,,
112991,24,0,2.410353,-3,0.889
114275,24,0,2.348418,-3,1.0
115469,24,0,2.42772,-3,1.0
118813,14,0,2.458395,-12,0.879
119752,14,0,2.198637,-12,0.974
119893,14,0,2.262208,-12,0.986
119914,14,0,2.410841,-12,0.95
120999,14,0,2.521528,-12,0.934
121864,14,0,2.136181,-12,1.0
122489,14,0,2.290831,-12,0.934
122809,14,0,2.414274,-12,1.0
123001,15,0,2.520041,-11,0.809
123054,14,0,2.417044,-12,0.972
123099,15,0,2.48867,-11,1.0
123107,14,0,2.323803,-12,0.694
123244,14,0,2.166342,-12,0.848
123578,14,0,2.118146,-12,0.929
123579,15,0,2.444321,-11,1.0
123586,15,0,2.368662,-11,0.932
123596,15,0,2.20058,-11,0.934
123636,15,0,2.195136,-11,0.884
123838,15,0,2.437523,-11,0.943
123861,15,0,2.043239,-11,0.885
124006,15,0,2.468966,-11,1.0
124194,15,0,2.296469,-11,1.0
124372,14,0,2.411022,-12,0.952
124520,15,0,2.152259,-11,0.929
125307,16,0,2.111053,-10,0.725
125683,16,0,2.500052,-10,1.0
125904,15,0,2.372139,-11,1.0
126166,15,0,2.169438,-11,0.946
126170,16,0,2.243709,-10,0.815
126348,15,0,2.18416,-11,1.0
126645,16,0,2.405898,-10,0.977
127067,16,0,2.346836,-10,0.951
127464,16,0,2.102145,-10,0.939
127661,16,0,2.311177,-10,0.962
127761,16,0,2.034907,-10,0.976
128049,16,0,2.183201,-10,0.944
128146,16,0,2.191689,-10,0.971
128788,16,0,2.297953,-10,0.784
128978,16,0,2.479562,-10,0.96
129374,16,0,2.601516,-10,0.962
130213,16,0,2.531732,-10,0.963
130595,16,0,2.310231,-10,0.791
130816,16,0,2.373231,-10,0.974
132394,16,0,2.47071,-10,0.959
133008,17,0,2.348854,-9,0.836
133079,17,0,2.374564,-9,0.918
133185,17,0,2.439485,-9,0.871
133198,17,0,2.51415,-9,0.929
133226,17,0,2.054251,-9,0.959
133339,17,0,2.028715,-9,0.938
133350,17,0,2.554213,-9,0.914
133467,17,0,2.132719,-9,0.778
133593,17,0,2.146643,-9,0.822
133669,17,0,2.265772,-9,0.933
133785,17,0,2.177416,-9,0.912
134100,17,0,2.473283,-9,0.893
134119,17,0,2.37254,-9,0.983
134252,17,0,2.298265,-9,0.895
134397,17,0,2.324192,-9,0.784
134479,17,0,2.14147,-9,0.953
134483,17,0,2.460589,-9,0.876
134528,17,0,2.608915,-9,0.94
134644,17,0,2.454122,-9,0.983
134649,17,0,2.1607,-9,0.778
134773,17,0,2.290652,-9,0.946
134853,17,0,2.313504,-9,0.952
135164,17,0,2.637362,-9,0.895
136033,17,0,2.211898,-9,1.0
141857,18,0,2.480524,-8,1.0
141870,18,0,2.569615,-8,0.941
142041,18,0,2.399885,-8,1.0
142081,18,0,2.37516,-8,0.947
142346,18,0,2.304188,-8,0.85
142896,18,0,2.051445,-8,1.0
143231,18,0,2.058345,-8,0.971
143510,18,0,2.245163,-8,0.975
144084,18,0,2.044469,-8,0.959
144160,18,0,2.119417,-8,0.897
144203,18,0,2.19832,-8,0.931
144208,18,0,2.516196,-8,1.0
144236,18,0,2.514168,-8,1.0
144243,18,0,2.428975,-8,0.863
144308,18,0,2.311429,-9,0.524
144361,18,0,2.428049,-8,0.962
144365,18,0,2.32777,-8,0.869
144873,18,0,2.603175,-8,0.939
145450,19,0,2.05674,-7,0.755
145513,18,0,2.472008,-8,1.0
145557,18,0,2.541134,-8,1.0
145628,19,0,2.075512,-7,0.917
145768,18,0,2.191706,-8,0.889
145835,19,0,2.103543,-7,0.914
145997,20,0,2.02516,-6,0.794
146003,20,0,2.140204,-6,0.862
146090,20,0,2.179605,-6,0.549
146235,19,0,2.253939,-7,0.798
146266,21,0,2.203877,-5,0.635
146493,20,0,2.079108,-6,0.714
146565,20,0,2.155346,-6,0.692
146581,18,0,2.276171,-8,0.861
146586,21,0,2.258429,-5,0.722
146668,21,0,2.313296,-5,0.756
146687,21,0,2.26958,-5,0.582
146809,20,0,2.002206,-6,0.829
146835,20,0,2.249633,-6,0.747
146838,21,0,2.416851,-5,0.883
146857,21,0,2.207095,-5,0.552
146868,20,0,2.299094,-6,0.718
146915,20,0,2.240457,-6,0.636
146987,19,0,2.268646,-7,0.737
147012,21,0,2.185173,-5,0.794
147030,21,0,2.133854,-5,0.79
147149,20,0,2.322955,-6,0.579
147178,20,0,2.23221,-6,0.783
147226,21,0,2.468213,-5,0.897
147274,20,0,2.272438,-6,0.823
147544,21,0,2.096106,-5,0.978
147549,20,0,2.402869,-6,0.836
147594,19,0,2.344622,-7,0.789
147764,19,0,2.488163,-6,0.584
147816,19,0,2.383209,-7,0.885
147888,20,0,2.340937,-6,0.838
147897,21,0,2.487095,-5,0.925
147901,21,0,2.304796,-5,0.711
147958,19,0,2.460156,-7,0.775
147965,20,0,2.379014,-6,0.667
147967,21,0,2.478028,-5,1.0
148173,21,0,2.019,-5,0.871
148270,21,0,2.041947,-5,0.861
148339,21,0,2.32355,-5,0.903
148358,21,0,2.306834,-5,1.0
148392,21,0,2.063635,-5,0.889
148436,20,0,2.407733,-6,0.958
148460,21,0,2.230551,-5,0.806
148488,21,0,2.031303,-5,0.849
148579,21,0,2.140314,-5,0.845
148587,21,0,2.392423,-5,0.873
148614,19,0,2.193652,-7,0.616
148720,21,0,2.272111,-5,0.778
148801,20,0,2.539921,-6,0.921
149161,19,0,2.518175,-7,0.857
149401,19,0,2.165107,-7,0.63
149405,19,0,2.193813,-7,0.757
149736,19,0,2.248248,-7,0.929
150117,19,0,2.510553,-7,0.913
150217,21,0,2.345511,-5,0.669
150914,20,0,2.505842,-6,1.0
151425,19,0,2.174867,-7,0.897
151958,20,0,2.481896,-6,0.926
152087,19,0,2.523542,-7,0.887
152342,20,0,2.144001,-7,0.603
152578,20,0,2.071183,-6,0.561
152671,19,0,2.440762,-7,0.872
152881,19,0,2.41468,-7,0.733
153114,19,0,2.326109,-7,0.881
153302,20,0,2.172776,-6,0.543
153345,19,0,2.29295,-7,0.897
153503,19,0,2.494323,-7,0.866
153535,20,0,2.416049,-6,0.638
153798,19,0,2.324829,-7,0.982
154174,20,0,2.283058,-6,0.667
163076,22,0,2.428968,-4,0.6
163091,22,0,2.312655,-4,0.835
163108,22,0,2.174684,-4,0.677
163113,22,0,2.394941,-4,0.754
163132,22,0,2.449853,-4,0.656
163169,22,0,2.241976,-4,0.949
163188,22,0,2.211832,-4,0.838
163189,22,0,2.327388,-4,0.781
163218,22,0,2.475525,-4,0.784
163251,22,0,2.354446,-4,0.824
163326,22,0,2.056373,-4,0.867
163479,22,0,2.063631,-4,0.659
163925,22,0,2.066601,-4,0.645
